panel,arm,threads,writers,readers,rename_frac,rate_target,run,mlookups_s,mrenames_s,conserved,src
idle_scale,bucketlock,10,8,2,1.0,0,1,40.3798,7.99166e-06,OK,5a5d37b33aef-2793224e
idle_scale,hold1,10,8,2,1.0,0,1,41.5396,7.99167e-06,OK,5a5d37b33aef-2793224e
idle_scale,hold3,10,8,2,1.0,0,1,41.3931,7.99166e-06,OK,5a5d37b33aef-2793224e
idle_scale,bucketlock,10,8,2,1.0,0,2,41.2616,7.99175e-06,OK,5a5d37b33aef-2793224e
idle_scale,hold1,10,8,2,1.0,0,2,40.8012,7.99153e-06,OK,5a5d37b33aef-2793224e
idle_scale,hold3,10,8,2,1.0,0,2,41.3907,7.99209e-06,OK,5a5d37b33aef-2793224e
idle_scale,bucketlock,10,8,2,1.0,0,3,39.8625,7.99167e-06,OK,5a5d37b33aef-2793224e
idle_scale,hold1,10,8,2,1.0,0,3,40.9367,7.99162e-06,OK,5a5d37b33aef-2793224e
idle_scale,hold3,10,8,2,1.0,0,3,41.7285,7.99177e-06,OK,5a5d37b33aef-2793224e
idle_scale,bucketlock,10,8,2,1.0,0,4,40.6627,7.99156e-06,OK,5a5d37b33aef-2793224e
idle_scale,hold1,10,8,2,1.0,0,4,41.3201,7.99191e-06,OK,5a5d37b33aef-2793224e
idle_scale,hold3,10,8,2,1.0,0,4,40.8323,7.99154e-06,OK,5a5d37b33aef-2793224e
idle_scale,bucketlock,10,8,2,1.0,0,5,40.8918,7.99138e-06,OK,5a5d37b33aef-2793224e
idle_scale,hold1,10,8,2,1.0,0,5,40.9721,7.99145e-06,OK,5a5d37b33aef-2793224e
idle_scale,hold3,10,8,2,1.0,0,5,41.4638,7.99143e-06,OK,5a5d37b33aef-2793224e
idle_scale,bucketlock,16,8,8,1.0,0,1,118.411,7.99163e-06,OK,5a5d37b33aef-2793224e
idle_scale,hold1,16,8,8,1.0,0,1,123.607,7.99164e-06,OK,5a5d37b33aef-2793224e
idle_scale,hold3,16,8,8,1.0,0,1,121.608,7.99153e-06,OK,5a5d37b33aef-2793224e
idle_scale,bucketlock,16,8,8,1.0,0,2,120.467,7.99182e-06,OK,5a5d37b33aef-2793224e
idle_scale,hold1,16,8,8,1.0,0,2,122.843,7.99164e-06,OK,5a5d37b33aef-2793224e
idle_scale,hold3,16,8,8,1.0,0,2,122.708,7.99173e-06,OK,5a5d37b33aef-2793224e
idle_scale,bucketlock,16,8,8,1.0,0,3,119.707,7.99147e-06,OK,5a5d37b33aef-2793224e
idle_scale,hold1,16,8,8,1.0,0,3,124.231,7.99161e-06,OK,5a5d37b33aef-2793224e
idle_scale,hold3,16,8,8,1.0,0,3,122.166,7.9915e-06,OK,5a5d37b33aef-2793224e
idle_scale,bucketlock,16,8,8,1.0,0,4,120.479,7.99152e-06,OK,5a5d37b33aef-2793224e
idle_scale,hold1,16,8,8,1.0,0,4,124.19,7.99174e-06,OK,5a5d37b33aef-2793224e
idle_scale,hold3,16,8,8,1.0,0,4,121.714,7.99165e-06,OK,5a5d37b33aef-2793224e
idle_scale,bucketlock,16,8,8,1.0,0,5,122.956,7.99167e-06,OK,5a5d37b33aef-2793224e
idle_scale,hold1,16,8,8,1.0,0,5,120.123,7.99163e-06,OK,5a5d37b33aef-2793224e
idle_scale,hold3,16,8,8,1.0,0,5,122.057,7.99164e-06,OK,5a5d37b33aef-2793224e
idle_scale,bucketlock,40,8,32,1.0,0,1,202.261,7.99159e-06,OK,5a5d37b33aef-2793224e
idle_scale,hold1,40,8,32,1.0,0,1,203.688,7.99242e-06,OK,5a5d37b33aef-2793224e
idle_scale,hold3,40,8,32,1.0,0,1,204.156,7.99181e-06,OK,5a5d37b33aef-2793224e
idle_scale,bucketlock,40,8,32,1.0,0,2,201.949,7.99189e-06,OK,5a5d37b33aef-2793224e
idle_scale,hold1,40,8,32,1.0,0,2,200.969,7.99182e-06,OK,5a5d37b33aef-2793224e
idle_scale,hold3,40,8,32,1.0,0,2,202.605,7.99182e-06,OK,5a5d37b33aef-2793224e
idle_scale,bucketlock,40,8,32,1.0,0,3,205.763,7.9923e-06,OK,5a5d37b33aef-2793224e
idle_scale,hold1,40,8,32,1.0,0,3,209.344,7.9918e-06,OK,5a5d37b33aef-2793224e
idle_scale,hold3,40,8,32,1.0,0,3,211.157,7.99184e-06,OK,5a5d37b33aef-2793224e
idle_scale,bucketlock,40,8,32,1.0,0,4,203.818,7.99189e-06,OK,5a5d37b33aef-2793224e
idle_scale,hold1,40,8,32,1.0,0,4,205.867,7.99158e-06,OK,5a5d37b33aef-2793224e
idle_scale,hold3,40,8,32,1.0,0,4,201.048,7.99162e-06,OK,5a5d37b33aef-2793224e
idle_scale,bucketlock,40,8,32,1.0,0,5,198.079,7.99161e-06,OK,5a5d37b33aef-2793224e
idle_scale,hold1,40,8,32,1.0,0,5,201.781,7.99148e-06,OK,5a5d37b33aef-2793224e
idle_scale,hold3,40,8,32,1.0,0,5,200.514,7.99137e-06,OK,5a5d37b33aef-2793224e
idle_scale,bucketlock,104,8,96,1.0,0,1,409.122,7.99137e-06,OK,5a5d37b33aef-2793224e
idle_scale,hold1,104,8,96,1.0,0,1,408.213,7.99157e-06,OK,5a5d37b33aef-2793224e
idle_scale,hold3,104,8,96,1.0,0,1,406.084,7.99172e-06,OK,5a5d37b33aef-2793224e
idle_scale,bucketlock,104,8,96,1.0,0,2,402.1,7.9914e-06,OK,5a5d37b33aef-2793224e
idle_scale,hold1,104,8,96,1.0,0,2,411.566,7.9914e-06,OK,5a5d37b33aef-2793224e
idle_scale,hold3,104,8,96,1.0,0,2,404.077,7.99151e-06,OK,5a5d37b33aef-2793224e
idle_scale,bucketlock,104,8,96,1.0,0,3,408.453,7.99191e-06,OK,5a5d37b33aef-2793224e
idle_scale,hold1,104,8,96,1.0,0,3,414.316,7.99208e-06,OK,5a5d37b33aef-2793224e
idle_scale,hold3,104,8,96,1.0,0,3,414.689,7.9914e-06,OK,5a5d37b33aef-2793224e
idle_scale,bucketlock,104,8,96,1.0,0,4,405.653,7.99137e-06,OK,5a5d37b33aef-2793224e
idle_scale,hold1,104,8,96,1.0,0,4,410.288,7.99147e-06,OK,5a5d37b33aef-2793224e
idle_scale,hold3,104,8,96,1.0,0,4,409.416,7.99182e-06,OK,5a5d37b33aef-2793224e
idle_scale,bucketlock,104,8,96,1.0,0,5,403.72,7.99196e-06,OK,5a5d37b33aef-2793224e
idle_scale,hold1,104,8,96,1.0,0,5,407.626,7.99191e-06,OK,5a5d37b33aef-2793224e
idle_scale,hold3,104,8,96,1.0,0,5,410.029,7.99199e-06,OK,5a5d37b33aef-2793224e
idle_scale,bucketlock,192,8,184,1.0,0,1,736.792,7.99182e-06,OK,5a5d37b33aef-2793224e
idle_scale,hold1,192,8,184,1.0,0,1,744.987,7.99181e-06,OK,5a5d37b33aef-2793224e
idle_scale,hold3,192,8,184,1.0,0,1,745.307,7.99184e-06,OK,5a5d37b33aef-2793224e
idle_scale,bucketlock,192,8,184,1.0,0,2,733.331,7.99193e-06,OK,5a5d37b33aef-2793224e
idle_scale,hold1,192,8,184,1.0,0,2,735.678,7.99185e-06,OK,5a5d37b33aef-2793224e
idle_scale,hold3,192,8,184,1.0,0,2,742.801,7.99196e-06,OK,5a5d37b33aef-2793224e
idle_scale,bucketlock,192,8,184,1.0,0,3,735.44,7.99188e-06,OK,5a5d37b33aef-2793224e
idle_scale,hold1,192,8,184,1.0,0,3,733.112,7.99184e-06,OK,5a5d37b33aef-2793224e
idle_scale,hold3,192,8,184,1.0,0,3,746.788,7.99179e-06,OK,5a5d37b33aef-2793224e
idle_scale,bucketlock,192,8,184,1.0,0,4,734.709,7.99209e-06,OK,5a5d37b33aef-2793224e
idle_scale,hold1,192,8,184,1.0,0,4,739.795,7.99182e-06,OK,5a5d37b33aef-2793224e
idle_scale,hold3,192,8,184,1.0,0,4,747.767,7.99194e-06,OK,5a5d37b33aef-2793224e
idle_scale,bucketlock,192,8,184,1.0,0,5,742.625,7.9919e-06,OK,5a5d37b33aef-2793224e
idle_scale,hold1,192,8,184,1.0,0,5,737.626,7.99186e-06,OK,5a5d37b33aef-2793224e
idle_scale,hold3,192,8,184,1.0,0,5,735.148,7.99185e-06,OK,5a5d37b33aef-2793224e
idle_hit,bucketlock,10,8,2,1.0,0,1,56.6494,7.99148e-06,OK,5a5d37b33aef-2793224e
idle_hit,hold1,10,8,2,1.0,0,1,57.7232,7.9919e-06,OK,5a5d37b33aef-2793224e
idle_hit,hold3,10,8,2,1.0,0,1,57.5424,7.99209e-06,OK,5a5d37b33aef-2793224e
idle_hit,bucketlock,10,8,2,1.0,0,2,56.6119,7.99189e-06,OK,5a5d37b33aef-2793224e
idle_hit,hold1,10,8,2,1.0,0,2,57.1509,7.99232e-06,OK,5a5d37b33aef-2793224e
idle_hit,hold3,10,8,2,1.0,0,2,56.6482,7.99197e-06,OK,5a5d37b33aef-2793224e
idle_hit,bucketlock,10,8,2,1.0,0,3,55.8777,7.99187e-06,OK,5a5d37b33aef-2793224e
idle_hit,hold1,10,8,2,1.0,0,3,57.3588,7.99187e-06,OK,5a5d37b33aef-2793224e
idle_hit,hold3,10,8,2,1.0,0,3,56.4631,7.99222e-06,OK,5a5d37b33aef-2793224e
idle_hit,bucketlock,10,8,2,1.0,0,4,56.7311,7.99187e-06,OK,5a5d37b33aef-2793224e
idle_hit,hold1,10,8,2,1.0,0,4,57.7032,7.9916e-06,OK,5a5d37b33aef-2793224e
idle_hit,hold3,10,8,2,1.0,0,4,57.2782,7.99154e-06,OK,5a5d37b33aef-2793224e
idle_hit,bucketlock,10,8,2,1.0,0,5,56.5605,7.99132e-06,OK,5a5d37b33aef-2793224e
idle_hit,hold1,10,8,2,1.0,0,5,57.8229,7.99146e-06,OK,5a5d37b33aef-2793224e
idle_hit,hold3,10,8,2,1.0,0,5,57.6308,7.99138e-06,OK,5a5d37b33aef-2793224e
idle_hit,bucketlock,16,8,8,1.0,0,1,223.74,7.99192e-06,OK,5a5d37b33aef-2793224e
idle_hit,hold1,16,8,8,1.0,0,1,231.28,7.99186e-06,OK,5a5d37b33aef-2793224e
idle_hit,hold3,16,8,8,1.0,0,1,231.19,7.99192e-06,OK,5a5d37b33aef-2793224e
idle_hit,bucketlock,16,8,8,1.0,0,2,226.695,7.99209e-06,OK,5a5d37b33aef-2793224e
idle_hit,hold1,16,8,8,1.0,0,2,231.105,7.99222e-06,OK,5a5d37b33aef-2793224e
idle_hit,hold3,16,8,8,1.0,0,2,230.789,7.99134e-06,OK,5a5d37b33aef-2793224e
idle_hit,bucketlock,16,8,8,1.0,0,3,227.436,7.99144e-06,OK,5a5d37b33aef-2793224e
idle_hit,hold1,16,8,8,1.0,0,3,228.585,7.99151e-06,OK,5a5d37b33aef-2793224e
idle_hit,hold3,16,8,8,1.0,0,3,228.247,7.99154e-06,OK,5a5d37b33aef-2793224e
idle_hit,bucketlock,16,8,8,1.0,0,4,227.547,7.99147e-06,OK,5a5d37b33aef-2793224e
idle_hit,hold1,16,8,8,1.0,0,4,230.29,7.99156e-06,OK,5a5d37b33aef-2793224e
idle_hit,hold3,16,8,8,1.0,0,4,227.078,7.99144e-06,OK,5a5d37b33aef-2793224e
idle_hit,bucketlock,16,8,8,1.0,0,5,226.101,7.99149e-06,OK,5a5d37b33aef-2793224e
idle_hit,hold1,16,8,8,1.0,0,5,231.696,7.9915e-06,OK,5a5d37b33aef-2793224e
idle_hit,hold3,16,8,8,1.0,0,5,231.003,7.99209e-06,OK,5a5d37b33aef-2793224e
idle_hit,bucketlock,40,8,32,1.0,0,1,904.81,7.99209e-06,OK,5a5d37b33aef-2793224e
idle_hit,hold1,40,8,32,1.0,0,1,925.859,7.99188e-06,OK,5a5d37b33aef-2793224e
idle_hit,hold3,40,8,32,1.0,0,1,807.593,7.99188e-06,OK,5a5d37b33aef-2793224e
idle_hit,bucketlock,40,8,32,1.0,0,2,906.861,7.99184e-06,OK,5a5d37b33aef-2793224e
idle_hit,hold1,40,8,32,1.0,0,2,880.667,7.99186e-06,OK,5a5d37b33aef-2793224e
idle_hit,hold3,40,8,32,1.0,0,2,926.921,7.99204e-06,OK,5a5d37b33aef-2793224e
idle_hit,bucketlock,40,8,32,1.0,0,3,907.208,7.99136e-06,OK,5a5d37b33aef-2793224e
idle_hit,hold1,40,8,32,1.0,0,3,914.477,7.99211e-06,OK,5a5d37b33aef-2793224e
idle_hit,hold3,40,8,32,1.0,0,3,926.136,7.99181e-06,OK,5a5d37b33aef-2793224e
idle_hit,bucketlock,40,8,32,1.0,0,4,907.68,7.99164e-06,OK,5a5d37b33aef-2793224e
idle_hit,hold1,40,8,32,1.0,0,4,925.213,7.9918e-06,OK,5a5d37b33aef-2793224e
idle_hit,hold3,40,8,32,1.0,0,4,922.526,7.99145e-06,OK,5a5d37b33aef-2793224e
idle_hit,bucketlock,40,8,32,1.0,0,5,908.593,7.99152e-06,OK,5a5d37b33aef-2793224e
idle_hit,hold1,40,8,32,1.0,0,5,923.499,7.99168e-06,OK,5a5d37b33aef-2793224e
idle_hit,hold3,40,8,32,1.0,0,5,918.649,7.99923e-06,OK,5a5d37b33aef-2793224e
idle_hit,bucketlock,104,8,96,1.0,0,1,2251.17,7.99159e-06,OK,5a5d37b33aef-2793224e
idle_hit,hold1,104,8,96,1.0,0,1,2305.03,7.99199e-06,OK,5a5d37b33aef-2793224e
idle_hit,hold3,104,8,96,1.0,0,1,2288.52,7.99156e-06,OK,5a5d37b33aef-2793224e
idle_hit,bucketlock,104,8,96,1.0,0,2,2246.89,7.9914e-06,OK,5a5d37b33aef-2793224e
idle_hit,hold1,104,8,96,1.0,0,2,2302.6,7.99153e-06,OK,5a5d37b33aef-2793224e
idle_hit,hold3,104,8,96,1.0,0,2,2304.16,7.99137e-06,OK,5a5d37b33aef-2793224e
idle_hit,bucketlock,104,8,96,1.0,0,3,2249.04,7.99143e-06,OK,5a5d37b33aef-2793224e
idle_hit,hold1,104,8,96,1.0,0,3,2302.22,7.99211e-06,OK,5a5d37b33aef-2793224e
idle_hit,hold3,104,8,96,1.0,0,3,2314.12,7.99181e-06,OK,5a5d37b33aef-2793224e
idle_hit,bucketlock,104,8,96,1.0,0,4,2217.85,7.99189e-06,OK,5a5d37b33aef-2793224e
idle_hit,hold1,104,8,96,1.0,0,4,2305.59,7.99185e-06,OK,5a5d37b33aef-2793224e
idle_hit,hold3,104,8,96,1.0,0,4,2262.98,7.99179e-06,OK,5a5d37b33aef-2793224e
idle_hit,bucketlock,104,8,96,1.0,0,5,2248.57,7.99211e-06,OK,5a5d37b33aef-2793224e
idle_hit,hold1,104,8,96,1.0,0,5,2301.01,7.99192e-06,OK,5a5d37b33aef-2793224e
idle_hit,hold3,104,8,96,1.0,0,5,2284.9,7.99221e-06,OK,5a5d37b33aef-2793224e
idle_hit,bucketlock,192,8,184,1.0,0,1,4416.03,7.99184e-06,OK,5a5d37b33aef-2793224e
idle_hit,hold1,192,8,184,1.0,0,1,4540.73,7.99182e-06,OK,5a5d37b33aef-2793224e
idle_hit,hold3,192,8,184,1.0,0,1,4545.46,7.99209e-06,OK,5a5d37b33aef-2793224e
idle_hit,bucketlock,192,8,184,1.0,0,2,4417.38,7.9917e-06,OK,5a5d37b33aef-2793224e
idle_hit,hold1,192,8,184,1.0,0,2,4535.79,7.99166e-06,OK,5a5d37b33aef-2793224e
idle_hit,hold3,192,8,184,1.0,0,2,4527.67,7.99227e-06,OK,5a5d37b33aef-2793224e
idle_hit,bucketlock,192,8,184,1.0,0,3,4416.06,7.99222e-06,OK,5a5d37b33aef-2793224e
idle_hit,hold1,192,8,184,1.0,0,3,4531.24,7.99194e-06,OK,5a5d37b33aef-2793224e
idle_hit,hold3,192,8,184,1.0,0,3,4548.46,7.99176e-06,OK,5a5d37b33aef-2793224e
idle_hit,bucketlock,192,8,184,1.0,0,4,4414.69,7.99173e-06,OK,5a5d37b33aef-2793224e
idle_hit,hold1,192,8,184,1.0,0,4,4503.86,7.99219e-06,OK,5a5d37b33aef-2793224e
idle_hit,hold3,192,8,184,1.0,0,4,4543.73,7.99216e-06,OK,5a5d37b33aef-2793224e
idle_hit,bucketlock,192,8,184,1.0,0,5,4417.78,7.99177e-06,OK,5a5d37b33aef-2793224e
idle_hit,hold1,192,8,184,1.0,0,5,4510.44,7.99181e-06,OK,5a5d37b33aef-2793224e
idle_hit,hold3,192,8,184,1.0,0,5,4588.56,7.99218e-06,OK,5a5d37b33aef-2793224e
split_scale,bucketlock,10,8,2,1.0,100000,1,36.9048,0.0968322,OK,5a5d37b33aef-2793224e
split_scale,hold1,10,8,2,1.0,100000,1,38.813,0.098576,OK,5a5d37b33aef-2793224e
split_scale,hold3,10,8,2,1.0,100000,1,38.6125,0.0980992,OK,5a5d37b33aef-2793224e
split_scale,bucketlock,10,8,2,1.0,100000,2,37.4449,0.0981132,OK,5a5d37b33aef-2793224e
split_scale,hold1,10,8,2,1.0,100000,2,39.8687,0.0996906,OK,5a5d37b33aef-2793224e
split_scale,hold3,10,8,2,1.0,100000,2,37.9819,0.0973371,OK,5a5d37b33aef-2793224e
split_scale,bucketlock,10,8,2,1.0,100000,3,38.4095,0.0999158,OK,5a5d37b33aef-2793224e
split_scale,hold1,10,8,2,1.0,100000,3,38.8028,0.0992043,OK,5a5d37b33aef-2793224e
split_scale,hold3,10,8,2,1.0,100000,3,38.3859,0.09748,OK,5a5d37b33aef-2793224e
split_scale,bucketlock,10,8,2,1.0,100000,4,38.7673,0.0999232,OK,5a5d37b33aef-2793224e
split_scale,hold1,10,8,2,1.0,100000,4,37.0473,0.0958475,OK,5a5d37b33aef-2793224e
split_scale,hold3,10,8,2,1.0,100000,4,38.5474,0.098093,OK,5a5d37b33aef-2793224e
split_scale,bucketlock,10,8,2,1.0,100000,5,38.1761,0.0990336,OK,5a5d37b33aef-2793224e
split_scale,hold1,10,8,2,1.0,100000,5,38.0387,0.0973216,OK,5a5d37b33aef-2793224e
split_scale,hold3,10,8,2,1.0,100000,5,38.2708,0.0969915,OK,5a5d37b33aef-2793224e
split_scale,bucketlock,16,8,8,1.0,100000,1,145.407,0.0991058,OK,5a5d37b33aef-2793224e
split_scale,hold1,16,8,8,1.0,100000,1,150.652,0.0982177,OK,5a5d37b33aef-2793224e
split_scale,hold3,16,8,8,1.0,100000,1,148.176,0.0983305,OK,5a5d37b33aef-2793224e
split_scale,bucketlock,16,8,8,1.0,100000,2,146.478,0.0977179,OK,5a5d37b33aef-2793224e
split_scale,hold1,16,8,8,1.0,100000,2,153.71,0.0996136,OK,5a5d37b33aef-2793224e
split_scale,hold3,16,8,8,1.0,100000,2,148.971,0.0994013,OK,5a5d37b33aef-2793224e
split_scale,bucketlock,16,8,8,1.0,100000,3,148.007,0.0997751,OK,5a5d37b33aef-2793224e
split_scale,hold1,16,8,8,1.0,100000,3,153.229,0.0990624,OK,5a5d37b33aef-2793224e
split_scale,hold3,16,8,8,1.0,100000,3,147.772,0.0999273,OK,5a5d37b33aef-2793224e
split_scale,bucketlock,16,8,8,1.0,100000,4,143.869,0.0991825,OK,5a5d37b33aef-2793224e
split_scale,hold1,16,8,8,1.0,100000,4,150.763,0.0989721,OK,5a5d37b33aef-2793224e
split_scale,hold3,16,8,8,1.0,100000,4,148.35,0.0981627,OK,5a5d37b33aef-2793224e
split_scale,bucketlock,16,8,8,1.0,100000,5,144.21,0.0966997,OK,5a5d37b33aef-2793224e
split_scale,hold1,16,8,8,1.0,100000,5,146.704,0.0984267,OK,5a5d37b33aef-2793224e
split_scale,hold3,16,8,8,1.0,100000,5,152.868,0.0994687,OK,5a5d37b33aef-2793224e
split_scale,bucketlock,40,8,32,1.0,100000,1,195.917,0.0968102,OK,5a5d37b33aef-2793224e
split_scale,hold1,40,8,32,1.0,100000,1,197.666,0.0988746,OK,5a5d37b33aef-2793224e
split_scale,hold3,40,8,32,1.0,100000,1,198.661,0.099478,OK,5a5d37b33aef-2793224e
split_scale,bucketlock,40,8,32,1.0,100000,2,202.073,0.0991002,OK,5a5d37b33aef-2793224e
split_scale,hold1,40,8,32,1.0,100000,2,193.855,0.0978174,OK,5a5d37b33aef-2793224e
split_scale,hold3,40,8,32,1.0,100000,2,201.183,0.0995532,OK,5a5d37b33aef-2793224e
split_scale,bucketlock,40,8,32,1.0,100000,3,203.273,0.0996383,OK,5a5d37b33aef-2793224e
split_scale,hold1,40,8,32,1.0,100000,3,205.004,0.0976455,OK,5a5d37b33aef-2793224e
split_scale,hold3,40,8,32,1.0,100000,3,205.279,0.0994088,OK,5a5d37b33aef-2793224e
split_scale,bucketlock,40,8,32,1.0,100000,4,203.471,0.0971687,OK,5a5d37b33aef-2793224e
split_scale,hold1,40,8,32,1.0,100000,4,195.644,0.0970815,OK,5a5d37b33aef-2793224e
split_scale,hold3,40,8,32,1.0,100000,4,202.044,0.0986519,OK,5a5d37b33aef-2793224e
split_scale,bucketlock,40,8,32,1.0,100000,5,191.993,0.0974778,OK,5a5d37b33aef-2793224e
split_scale,hold1,40,8,32,1.0,100000,5,201.981,0.099558,OK,5a5d37b33aef-2793224e
split_scale,hold3,40,8,32,1.0,100000,5,195.922,0.098748,OK,5a5d37b33aef-2793224e
split_scale,bucketlock,104,8,96,1.0,100000,1,400.118,0.0996864,OK,5a5d37b33aef-2793224e
split_scale,hold1,104,8,96,1.0,100000,1,404.128,0.098687,OK,5a5d37b33aef-2793224e
split_scale,hold3,104,8,96,1.0,100000,1,402.671,0.0998133,OK,5a5d37b33aef-2793224e
split_scale,bucketlock,104,8,96,1.0,100000,2,396.492,0.0986302,OK,5a5d37b33aef-2793224e
split_scale,hold1,104,8,96,1.0,100000,2,404.339,0.0990653,OK,5a5d37b33aef-2793224e
split_scale,hold3,104,8,96,1.0,100000,2,397.455,0.0991467,OK,5a5d37b33aef-2793224e
split_scale,bucketlock,104,8,96,1.0,100000,3,407.045,0.0995266,OK,5a5d37b33aef-2793224e
split_scale,hold1,104,8,96,1.0,100000,3,395.961,0.0986877,OK,5a5d37b33aef-2793224e
split_scale,hold3,104,8,96,1.0,100000,3,403.86,0.0990036,OK,5a5d37b33aef-2793224e
split_scale,bucketlock,104,8,96,1.0,100000,4,402.224,0.0995082,OK,5a5d37b33aef-2793224e
split_scale,hold1,104,8,96,1.0,100000,4,403.128,0.0989871,OK,5a5d37b33aef-2793224e
split_scale,hold3,104,8,96,1.0,100000,4,406.042,0.0987226,OK,5a5d37b33aef-2793224e
split_scale,bucketlock,104,8,96,1.0,100000,5,395.022,0.0997081,OK,5a5d37b33aef-2793224e
split_scale,hold1,104,8,96,1.0,100000,5,401.691,0.0995609,OK,5a5d37b33aef-2793224e
split_scale,hold3,104,8,96,1.0,100000,5,401.417,0.0993811,OK,5a5d37b33aef-2793224e
split_scale,bucketlock,192,8,184,1.0,100000,1,712.335,0.0988614,OK,5a5d37b33aef-2793224e
split_scale,hold1,192,8,184,1.0,100000,1,720.544,0.0997344,OK,5a5d37b33aef-2793224e
split_scale,hold3,192,8,184,1.0,100000,1,724.356,0.0993167,OK,5a5d37b33aef-2793224e
split_scale,bucketlock,192,8,184,1.0,100000,2,714.808,0.0965985,OK,5a5d37b33aef-2793224e
split_scale,hold1,192,8,184,1.0,100000,2,732.532,0.09987,OK,5a5d37b33aef-2793224e
split_scale,hold3,192,8,184,1.0,100000,2,730.102,0.0998381,OK,5a5d37b33aef-2793224e
split_scale,bucketlock,192,8,184,1.0,100000,3,722.326,0.0988832,OK,5a5d37b33aef-2793224e
split_scale,hold1,192,8,184,1.0,100000,3,724.74,0.0994797,OK,5a5d37b33aef-2793224e
split_scale,hold3,192,8,184,1.0,100000,3,718.166,0.0989114,OK,5a5d37b33aef-2793224e
split_scale,bucketlock,192,8,184,1.0,100000,4,707.69,0.0989035,OK,5a5d37b33aef-2793224e
split_scale,hold1,192,8,184,1.0,100000,4,720.24,0.0990567,OK,5a5d37b33aef-2793224e
split_scale,hold3,192,8,184,1.0,100000,4,710.763,0.0981433,OK,5a5d37b33aef-2793224e
split_scale,bucketlock,192,8,184,1.0,100000,5,719.108,0.0991308,OK,5a5d37b33aef-2793224e
split_scale,hold1,192,8,184,1.0,100000,5,720.279,0.0982921,OK,5a5d37b33aef-2793224e
split_scale,hold3,192,8,184,1.0,100000,5,720.093,0.0999249,OK,5a5d37b33aef-2793224e
hit_scale,bucketlock,10,8,2,1.0,100000,1,49.7843,0.0999959,OK,5a5d37b33aef-2793224e
hit_scale,hold1,10,8,2,1.0,100000,1,50.7318,0.097119,OK,5a5d37b33aef-2793224e
hit_scale,hold3,10,8,2,1.0,100000,1,50.6505,0.0982376,OK,5a5d37b33aef-2793224e
hit_scale,bucketlock,10,8,2,1.0,100000,2,50.0333,0.0982708,OK,5a5d37b33aef-2793224e
hit_scale,hold1,10,8,2,1.0,100000,2,49.9497,0.0989893,OK,5a5d37b33aef-2793224e
hit_scale,hold3,10,8,2,1.0,100000,2,50.6059,0.0974544,OK,5a5d37b33aef-2793224e
hit_scale,bucketlock,10,8,2,1.0,100000,3,50.1557,0.0967838,OK,5a5d37b33aef-2793224e
hit_scale,hold1,10,8,2,1.0,100000,3,50.4103,0.0975218,OK,5a5d37b33aef-2793224e
hit_scale,hold3,10,8,2,1.0,100000,3,50.3675,0.098031,OK,5a5d37b33aef-2793224e
hit_scale,bucketlock,10,8,2,1.0,100000,4,49.8958,0.0997701,OK,5a5d37b33aef-2793224e
hit_scale,hold1,10,8,2,1.0,100000,4,50.2797,0.0987833,OK,5a5d37b33aef-2793224e
hit_scale,hold3,10,8,2,1.0,100000,4,50.77,0.0979466,OK,5a5d37b33aef-2793224e
hit_scale,bucketlock,10,8,2,1.0,100000,5,50.1619,0.0980342,OK,5a5d37b33aef-2793224e
hit_scale,hold1,10,8,2,1.0,100000,5,50.6859,0.0986666,OK,5a5d37b33aef-2793224e
hit_scale,hold3,10,8,2,1.0,100000,5,50.6514,0.0985935,OK,5a5d37b33aef-2793224e
hit_scale,bucketlock,16,8,8,1.0,100000,1,198.865,0.0999239,OK,5a5d37b33aef-2793224e
hit_scale,hold1,16,8,8,1.0,100000,1,202.794,0.0979314,OK,5a5d37b33aef-2793224e
hit_scale,hold3,16,8,8,1.0,100000,1,201.286,0.0999772,OK,5a5d37b33aef-2793224e
hit_scale,bucketlock,16,8,8,1.0,100000,2,198.138,0.0986174,OK,5a5d37b33aef-2793224e
hit_scale,hold1,16,8,8,1.0,100000,2,198.79,0.0987355,OK,5a5d37b33aef-2793224e
hit_scale,hold3,16,8,8,1.0,100000,2,201.566,0.0994079,OK,5a5d37b33aef-2793224e
hit_scale,bucketlock,16,8,8,1.0,100000,3,197.406,0.0983728,OK,5a5d37b33aef-2793224e
hit_scale,hold1,16,8,8,1.0,100000,3,201.359,0.0990261,OK,5a5d37b33aef-2793224e
hit_scale,hold3,16,8,8,1.0,100000,3,202.564,0.0958754,OK,5a5d37b33aef-2793224e
hit_scale,bucketlock,16,8,8,1.0,100000,4,189.864,0.0991066,OK,5a5d37b33aef-2793224e
hit_scale,hold1,16,8,8,1.0,100000,4,202.587,0.0978299,OK,5a5d37b33aef-2793224e
hit_scale,hold3,16,8,8,1.0,100000,4,202.22,0.0993661,OK,5a5d37b33aef-2793224e
hit_scale,bucketlock,16,8,8,1.0,100000,5,199.366,0.0990471,OK,5a5d37b33aef-2793224e
hit_scale,hold1,16,8,8,1.0,100000,5,199.969,0.0986087,OK,5a5d37b33aef-2793224e
hit_scale,hold3,16,8,8,1.0,100000,5,201.093,0.098579,OK,5a5d37b33aef-2793224e
hit_scale,bucketlock,40,8,32,1.0,100000,1,779.823,0.0999855,OK,5a5d37b33aef-2793224e
hit_scale,hold1,40,8,32,1.0,100000,1,798.025,0.0981952,OK,5a5d37b33aef-2793224e
hit_scale,hold3,40,8,32,1.0,100000,1,791.829,0.0982467,OK,5a5d37b33aef-2793224e
hit_scale,bucketlock,40,8,32,1.0,100000,2,780.649,0.0993697,OK,5a5d37b33aef-2793224e
hit_scale,hold1,40,8,32,1.0,100000,2,796.846,0.0995776,OK,5a5d37b33aef-2793224e
hit_scale,hold3,40,8,32,1.0,100000,2,791.626,0.0986935,OK,5a5d37b33aef-2793224e
hit_scale,bucketlock,40,8,32,1.0,100000,3,781.029,0.0993573,OK,5a5d37b33aef-2793224e
hit_scale,hold1,40,8,32,1.0,100000,3,773.477,0.0995584,OK,5a5d37b33aef-2793224e
hit_scale,hold3,40,8,32,1.0,100000,3,790.665,0.0993129,OK,5a5d37b33aef-2793224e
hit_scale,bucketlock,40,8,32,1.0,100000,4,787.169,0.0977596,OK,5a5d37b33aef-2793224e
hit_scale,hold1,40,8,32,1.0,100000,4,787.102,0.0999661,OK,5a5d37b33aef-2793224e
hit_scale,hold3,40,8,32,1.0,100000,4,796.005,0.0985297,OK,5a5d37b33aef-2793224e
hit_scale,bucketlock,40,8,32,1.0,100000,5,745.378,0.0991249,OK,5a5d37b33aef-2793224e
hit_scale,hold1,40,8,32,1.0,100000,5,800.467,0.0988206,OK,5a5d37b33aef-2793224e
hit_scale,hold3,40,8,32,1.0,100000,5,796.459,0.0992963,OK,5a5d37b33aef-2793224e
hit_scale,bucketlock,104,8,96,1.0,100000,1,1755.53,0.0986348,OK,5a5d37b33aef-2793224e
hit_scale,hold1,104,8,96,1.0,100000,1,1778.74,0.0989336,OK,5a5d37b33aef-2793224e
hit_scale,hold3,104,8,96,1.0,100000,1,1698.25,0.0993306,OK,5a5d37b33aef-2793224e
hit_scale,bucketlock,104,8,96,1.0,100000,2,1714.87,0.0987036,OK,5a5d37b33aef-2793224e
hit_scale,hold1,104,8,96,1.0,100000,2,1748.13,0.0983766,OK,5a5d37b33aef-2793224e
hit_scale,hold3,104,8,96,1.0,100000,2,1745.25,0.0995751,OK,5a5d37b33aef-2793224e
hit_scale,bucketlock,104,8,96,1.0,100000,3,1738.37,0.0984311,OK,5a5d37b33aef-2793224e
hit_scale,hold1,104,8,96,1.0,100000,3,1731.54,0.0983285,OK,5a5d37b33aef-2793224e
hit_scale,hold3,104,8,96,1.0,100000,3,1720.18,0.0987093,OK,5a5d37b33aef-2793224e
hit_scale,bucketlock,104,8,96,1.0,100000,4,1749.63,0.0984027,OK,5a5d37b33aef-2793224e
hit_scale,hold1,104,8,96,1.0,100000,4,1755.51,0.0979791,OK,5a5d37b33aef-2793224e
hit_scale,hold3,104,8,96,1.0,100000,4,1742.89,0.0995352,OK,5a5d37b33aef-2793224e
hit_scale,bucketlock,104,8,96,1.0,100000,5,1717.27,0.0973786,OK,5a5d37b33aef-2793224e
hit_scale,hold1,104,8,96,1.0,100000,5,1772.37,0.0975721,OK,5a5d37b33aef-2793224e
hit_scale,hold3,104,8,96,1.0,100000,5,1781.22,0.0953495,OK,5a5d37b33aef-2793224e
hit_scale,bucketlock,192,8,184,1.0,100000,1,2616.22,0.0930813,OK,5a5d37b33aef-2793224e
hit_scale,hold1,192,8,184,1.0,100000,1,2562.32,0.095584,OK,5a5d37b33aef-2793224e
hit_scale,hold3,192,8,184,1.0,100000,1,2661.19,0.091692,OK,5a5d37b33aef-2793224e
hit_scale,bucketlock,192,8,184,1.0,100000,2,2677.13,0.0902475,OK,5a5d37b33aef-2793224e
hit_scale,hold1,192,8,184,1.0,100000,2,2511.71,0.0972383,OK,5a5d37b33aef-2793224e
hit_scale,hold3,192,8,184,1.0,100000,2,2681.8,0.0910227,OK,5a5d37b33aef-2793224e
hit_scale,bucketlock,192,8,184,1.0,100000,3,2556.77,0.0894195,OK,5a5d37b33aef-2793224e
hit_scale,hold1,192,8,184,1.0,100000,3,2476.18,0.0950819,OK,5a5d37b33aef-2793224e
hit_scale,hold3,192,8,184,1.0,100000,3,2608.15,0.0863381,OK,5a5d37b33aef-2793224e
hit_scale,bucketlock,192,8,184,1.0,100000,4,2622.68,0.0881287,OK,5a5d37b33aef-2793224e
hit_scale,hold1,192,8,184,1.0,100000,4,2577.29,0.0970975,OK,5a5d37b33aef-2793224e
hit_scale,hold3,192,8,184,1.0,100000,4,2596.4,0.089603,OK,5a5d37b33aef-2793224e
hit_scale,bucketlock,192,8,184,1.0,100000,5,2622.83,0.0901194,OK,5a5d37b33aef-2793224e
hit_scale,hold1,192,8,184,1.0,100000,5,2531.76,0.0950291,OK,5a5d37b33aef-2793224e
hit_scale,hold3,192,8,184,1.0,100000,5,2657.62,0.088843,OK,5a5d37b33aef-2793224e
rate,bucketlock,192,8,184,1.0,100000,1,721.292,0.0997436,OK,5a5d37b33aef-2793224e
rate,hold1,192,8,184,1.0,100000,1,729.366,0.099214,OK,5a5d37b33aef-2793224e
rate,hold3,192,8,184,1.0,100000,1,713.61,0.0997722,OK,5a5d37b33aef-2793224e
rate,bucketlock,192,8,184,1.0,100000,2,715.281,0.0985631,OK,5a5d37b33aef-2793224e
rate,hold1,192,8,184,1.0,100000,2,712.111,0.0995088,OK,5a5d37b33aef-2793224e
rate,hold3,192,8,184,1.0,100000,2,715.069,0.0969327,OK,5a5d37b33aef-2793224e
rate,bucketlock,192,8,184,1.0,100000,3,715.951,0.0997839,OK,5a5d37b33aef-2793224e
rate,hold1,192,8,184,1.0,100000,3,719.864,0.0988896,OK,5a5d37b33aef-2793224e
rate,hold3,192,8,184,1.0,100000,3,717.553,0.0975068,OK,5a5d37b33aef-2793224e
rate,bucketlock,192,8,184,1.0,100000,4,713.765,0.0989165,OK,5a5d37b33aef-2793224e
rate,hold1,192,8,184,1.0,100000,4,721.537,0.0977965,OK,5a5d37b33aef-2793224e
rate,hold3,192,8,184,1.0,100000,4,726.991,0.0999411,OK,5a5d37b33aef-2793224e
rate,bucketlock,192,8,184,1.0,100000,5,717.243,0.098414,OK,5a5d37b33aef-2793224e
rate,hold1,192,8,184,1.0,100000,5,719.567,0.0995432,OK,5a5d37b33aef-2793224e
rate,hold3,192,8,184,1.0,100000,5,725.629,0.0994171,OK,5a5d37b33aef-2793224e
rate,bucketlock,192,8,184,1.0,1000000,1,652.255,0.951345,OK,5a5d37b33aef-2793224e
rate,hold1,192,8,184,1.0,1000000,1,674.057,0.985387,OK,5a5d37b33aef-2793224e
rate,hold3,192,8,184,1.0,1000000,1,666.039,0.981063,OK,5a5d37b33aef-2793224e
rate,bucketlock,192,8,184,1.0,1000000,2,651.783,0.959207,OK,5a5d37b33aef-2793224e
rate,hold1,192,8,184,1.0,1000000,2,662.608,0.965592,OK,5a5d37b33aef-2793224e
rate,hold3,192,8,184,1.0,1000000,2,667.792,0.972268,OK,5a5d37b33aef-2793224e
rate,bucketlock,192,8,184,1.0,1000000,3,647.653,0.943296,OK,5a5d37b33aef-2793224e
rate,hold1,192,8,184,1.0,1000000,3,660.728,0.97438,OK,5a5d37b33aef-2793224e
rate,hold3,192,8,184,1.0,1000000,3,660.959,0.975821,OK,5a5d37b33aef-2793224e
rate,bucketlock,192,8,184,1.0,1000000,4,664.685,0.964541,OK,5a5d37b33aef-2793224e
rate,hold1,192,8,184,1.0,1000000,4,662.426,0.97302,OK,5a5d37b33aef-2793224e
rate,hold3,192,8,184,1.0,1000000,4,654.592,0.964421,OK,5a5d37b33aef-2793224e
rate,bucketlock,192,8,184,1.0,1000000,5,653.337,0.967014,OK,5a5d37b33aef-2793224e
rate,hold1,192,8,184,1.0,1000000,5,658.495,0.961503,OK,5a5d37b33aef-2793224e
rate,hold3,192,8,184,1.0,1000000,5,665.298,0.990286,OK,5a5d37b33aef-2793224e
rate,bucketlock,192,8,184,1.0,10000000,1,580.229,2.52964,OK,5a5d37b33aef-2793224e
rate,hold1,192,8,184,1.0,10000000,1,594.633,2.6594,OK,5a5d37b33aef-2793224e
rate,hold3,192,8,184,1.0,10000000,1,587.371,2.58501,OK,5a5d37b33aef-2793224e
rate,bucketlock,192,8,184,1.0,10000000,2,581.752,2.6159,OK,5a5d37b33aef-2793224e
rate,hold1,192,8,184,1.0,10000000,2,588.951,2.68214,OK,5a5d37b33aef-2793224e
rate,hold3,192,8,184,1.0,10000000,2,571.444,2.55301,OK,5a5d37b33aef-2793224e
rate,bucketlock,192,8,184,1.0,10000000,3,582.784,2.5906,OK,5a5d37b33aef-2793224e
rate,hold1,192,8,184,1.0,10000000,3,593.085,2.67675,OK,5a5d37b33aef-2793224e
rate,hold3,192,8,184,1.0,10000000,3,577.07,2.56172,OK,5a5d37b33aef-2793224e
rate,bucketlock,192,8,184,1.0,10000000,4,582.228,2.54039,OK,5a5d37b33aef-2793224e
rate,hold1,192,8,184,1.0,10000000,4,589.704,2.6826,OK,5a5d37b33aef-2793224e
rate,hold3,192,8,184,1.0,10000000,4,583.188,2.57515,OK,5a5d37b33aef-2793224e
rate,bucketlock,192,8,184,1.0,10000000,5,581.363,2.62432,OK,5a5d37b33aef-2793224e
rate,hold1,192,8,184,1.0,10000000,5,577.333,2.61481,OK,5a5d37b33aef-2793224e
rate,hold3,192,8,184,1.0,10000000,5,592.159,2.63184,OK,5a5d37b33aef-2793224e
hit_rate,bucketlock,192,8,184,1.0,1000000,1,1161.8,0.922329,OK,5a5d37b33aef-2793224e
hit_rate,hold1,192,8,184,1.0,1000000,1,1093.68,0.903365,OK,5a5d37b33aef-2793224e
hit_rate,hold3,192,8,184,1.0,1000000,1,1149.34,0.917089,OK,5a5d37b33aef-2793224e
hit_rate,bucketlock,192,8,184,1.0,1000000,2,1136.73,0.912275,OK,5a5d37b33aef-2793224e
hit_rate,hold1,192,8,184,1.0,1000000,2,1061.92,0.921734,OK,5a5d37b33aef-2793224e
hit_rate,hold3,192,8,184,1.0,1000000,2,1205.22,0.884812,OK,5a5d37b33aef-2793224e
hit_rate,bucketlock,192,8,184,1.0,1000000,3,1140.14,0.925999,OK,5a5d37b33aef-2793224e
hit_rate,hold1,192,8,184,1.0,1000000,3,1059.15,0.928367,OK,5a5d37b33aef-2793224e
hit_rate,hold3,192,8,184,1.0,1000000,3,1282.01,0.890065,OK,5a5d37b33aef-2793224e
hit_rate,bucketlock,192,8,184,1.0,1000000,4,1252.14,0.908309,OK,5a5d37b33aef-2793224e
hit_rate,hold1,192,8,184,1.0,1000000,4,1033.3,0.934028,OK,5a5d37b33aef-2793224e
hit_rate,hold3,192,8,184,1.0,1000000,4,1180.51,0.89704,OK,5a5d37b33aef-2793224e
hit_rate,bucketlock,192,8,184,1.0,1000000,5,1303.81,0.887189,OK,5a5d37b33aef-2793224e
hit_rate,hold1,192,8,184,1.0,1000000,5,1001.38,0.930057,OK,5a5d37b33aef-2793224e
hit_rate,hold3,192,8,184,1.0,1000000,5,1137.11,0.905826,OK,5a5d37b33aef-2793224e
hit_rate,bucketlock,192,8,184,1.0,10000000,1,1203.05,1.04585,OK,5a5d37b33aef-2793224e
hit_rate,hold1,192,8,184,1.0,10000000,1,1052.55,1.03202,OK,5a5d37b33aef-2793224e
hit_rate,hold3,192,8,184,1.0,10000000,1,1141.71,1.14925,OK,5a5d37b33aef-2793224e
hit_rate,bucketlock,192,8,184,1.0,10000000,2,1046.34,1.1372,OK,5a5d37b33aef-2793224e
hit_rate,hold1,192,8,184,1.0,10000000,2,1048.74,1.02751,OK,5a5d37b33aef-2793224e
hit_rate,hold3,192,8,184,1.0,10000000,2,1237.6,1.11746,OK,5a5d37b33aef-2793224e
hit_rate,bucketlock,192,8,184,1.0,10000000,3,1190.05,1.10695,OK,5a5d37b33aef-2793224e
hit_rate,hold1,192,8,184,1.0,10000000,3,1032.63,1.03595,OK,5a5d37b33aef-2793224e
hit_rate,hold3,192,8,184,1.0,10000000,3,1235.01,1.11152,OK,5a5d37b33aef-2793224e
hit_rate,bucketlock,192,8,184,1.0,10000000,4,1099.96,1.1379,OK,5a5d37b33aef-2793224e
hit_rate,hold1,192,8,184,1.0,10000000,4,1109.87,1.0178,OK,5a5d37b33aef-2793224e
hit_rate,hold3,192,8,184,1.0,10000000,4,1166.1,1.14654,OK,5a5d37b33aef-2793224e
hit_rate,bucketlock,192,8,184,1.0,10000000,5,1061.33,1.10937,OK,5a5d37b33aef-2793224e
hit_rate,hold1,192,8,184,1.0,10000000,5,1051.2,1.0086,OK,5a5d37b33aef-2793224e
hit_rate,hold3,192,8,184,1.0,10000000,5,1254.21,1.04973,OK,5a5d37b33aef-2793224e
sat_scale,bucketlock,10,8,2,1.0,0,1,2.7482,5.89875,OK,5a5d37b33aef-2793224e
sat_scale,hold1,10,8,2,1.0,0,1,2.79194,6.00433,OK,5a5d37b33aef-2793224e
sat_scale,hold3,10,8,2,1.0,0,1,2.72896,5.95275,OK,5a5d37b33aef-2793224e
sat_scale,bucketlock,10,8,2,1.0,0,2,2.67299,5.83057,OK,5a5d37b33aef-2793224e
sat_scale,hold1,10,8,2,1.0,0,2,2.6535,5.90592,OK,5a5d37b33aef-2793224e
sat_scale,hold3,10,8,2,1.0,0,2,2.66215,5.78925,OK,5a5d37b33aef-2793224e
sat_scale,bucketlock,10,8,2,1.0,0,3,2.54999,5.70726,OK,5a5d37b33aef-2793224e
sat_scale,hold1,10,8,2,1.0,0,3,2.77216,5.98294,OK,5a5d37b33aef-2793224e
sat_scale,hold3,10,8,2,1.0,0,3,2.73568,6.07221,OK,5a5d37b33aef-2793224e
sat_scale,bucketlock,10,8,2,1.0,0,4,2.95404,6.22649,OK,5a5d37b33aef-2793224e
sat_scale,hold1,10,8,2,1.0,0,4,2.7072,6.00415,OK,5a5d37b33aef-2793224e
sat_scale,hold3,10,8,2,1.0,0,4,2.76001,5.97383,OK,5a5d37b33aef-2793224e
sat_scale,bucketlock,10,8,2,1.0,0,5,2.93266,6.04617,OK,5a5d37b33aef-2793224e
sat_scale,hold1,10,8,2,1.0,0,5,2.84879,6.19038,OK,5a5d37b33aef-2793224e
sat_scale,hold3,10,8,2,1.0,0,5,2.66384,5.76213,OK,5a5d37b33aef-2793224e
sat_scale,bucketlock,12,8,4,1.0,0,1,4.10194,3.64455,OK,5a5d37b33aef-2793224e
sat_scale,hold1,12,8,4,1.0,0,1,4.70482,3.99251,OK,5a5d37b33aef-2793224e
sat_scale,hold3,12,8,4,1.0,0,1,3.95972,3.65939,OK,5a5d37b33aef-2793224e
sat_scale,bucketlock,12,8,4,1.0,0,2,4.10947,3.87865,OK,5a5d37b33aef-2793224e
sat_scale,hold1,12,8,4,1.0,0,2,3.1821,3.51684,OK,5a5d37b33aef-2793224e
sat_scale,hold3,12,8,4,1.0,0,2,3.07385,3.41409,OK,5a5d37b33aef-2793224e
sat_scale,bucketlock,12,8,4,1.0,0,3,3.13782,3.48473,OK,5a5d37b33aef-2793224e
sat_scale,hold1,12,8,4,1.0,0,3,3.01516,3.36242,OK,5a5d37b33aef-2793224e
sat_scale,hold3,12,8,4,1.0,0,3,3.08495,3.44701,OK,5a5d37b33aef-2793224e
sat_scale,bucketlock,12,8,4,1.0,0,4,3.00287,3.41168,OK,5a5d37b33aef-2793224e
sat_scale,hold1,12,8,4,1.0,0,4,3.11074,3.51277,OK,5a5d37b33aef-2793224e
sat_scale,hold3,12,8,4,1.0,0,4,3.10044,3.47806,OK,5a5d37b33aef-2793224e
sat_scale,bucketlock,12,8,4,1.0,0,5,3.22896,3.52586,OK,5a5d37b33aef-2793224e
sat_scale,hold1,12,8,4,1.0,0,5,3.15667,3.45978,OK,5a5d37b33aef-2793224e
sat_scale,hold3,12,8,4,1.0,0,5,3.02102,3.44227,OK,5a5d37b33aef-2793224e
sat_scale,bucketlock,16,8,8,1.0,0,1,23.0674,1.55138,OK,5a5d37b33aef-2793224e
sat_scale,hold1,16,8,8,1.0,0,1,24.5145,1.61062,OK,5a5d37b33aef-2793224e
sat_scale,hold3,16,8,8,1.0,0,1,23.8084,1.57253,OK,5a5d37b33aef-2793224e
sat_scale,bucketlock,16,8,8,1.0,0,2,23.7029,1.53338,OK,5a5d37b33aef-2793224e
sat_scale,hold1,16,8,8,1.0,0,2,25.1631,1.5971,OK,5a5d37b33aef-2793224e
sat_scale,hold3,16,8,8,1.0,0,2,24.2764,1.57662,OK,5a5d37b33aef-2793224e
sat_scale,bucketlock,16,8,8,1.0,0,3,23.5816,1.55705,OK,5a5d37b33aef-2793224e
sat_scale,hold1,16,8,8,1.0,0,3,24.4912,1.57997,OK,5a5d37b33aef-2793224e
sat_scale,hold3,16,8,8,1.0,0,3,23.9946,1.52209,OK,5a5d37b33aef-2793224e
sat_scale,bucketlock,16,8,8,1.0,0,4,23.7744,1.59331,OK,5a5d37b33aef-2793224e
sat_scale,hold1,16,8,8,1.0,0,4,26.5598,1.70864,OK,5a5d37b33aef-2793224e
sat_scale,hold3,16,8,8,1.0,0,4,22.363,1.54009,OK,5a5d37b33aef-2793224e
sat_scale,bucketlock,16,8,8,1.0,0,5,22.2286,1.55766,OK,5a5d37b33aef-2793224e
sat_scale,hold1,16,8,8,1.0,0,5,25.0475,1.66841,OK,5a5d37b33aef-2793224e
sat_scale,hold3,16,8,8,1.0,0,5,30.3688,2.02792,OK,5a5d37b33aef-2793224e
sat_scale,bucketlock,24,8,16,1.0,0,1,80.922,2.7664,OK,5a5d37b33aef-2793224e
sat_scale,hold1,24,8,16,1.0,0,1,89.4764,2.99287,OK,5a5d37b33aef-2793224e
sat_scale,hold3,24,8,16,1.0,0,1,88.8984,2.92859,OK,5a5d37b33aef-2793224e
sat_scale,bucketlock,24,8,16,1.0,0,2,87.9335,2.77877,OK,5a5d37b33aef-2793224e
sat_scale,hold1,24,8,16,1.0,0,2,87.7678,2.70565,OK,5a5d37b33aef-2793224e
sat_scale,hold3,24,8,16,1.0,0,2,87.7189,2.60362,OK,5a5d37b33aef-2793224e
sat_scale,bucketlock,24,8,16,1.0,0,3,86.3019,2.61551,OK,5a5d37b33aef-2793224e
sat_scale,hold1,24,8,16,1.0,0,3,82.8116,2.56818,OK,5a5d37b33aef-2793224e
sat_scale,hold3,24,8,16,1.0,0,3,94.0688,2.71547,OK,5a5d37b33aef-2793224e
sat_scale,bucketlock,24,8,16,1.0,0,4,80.8033,2.54384,OK,5a5d37b33aef-2793224e
sat_scale,hold1,24,8,16,1.0,0,4,88.8318,2.94431,OK,5a5d37b33aef-2793224e
sat_scale,hold3,24,8,16,1.0,0,4,90.6087,2.96534,OK,5a5d37b33aef-2793224e
sat_scale,bucketlock,24,8,16,1.0,0,5,87.5837,2.96675,OK,5a5d37b33aef-2793224e
sat_scale,hold1,24,8,16,1.0,0,5,82.7536,2.5469,OK,5a5d37b33aef-2793224e
sat_scale,hold3,24,8,16,1.0,0,5,84.5833,2.53239,OK,5a5d37b33aef-2793224e
sat_scale,bucketlock,40,8,32,1.0,0,1,119.918,3.23679,OK,5a5d37b33aef-2793224e
sat_scale,hold1,40,8,32,1.0,0,1,125.111,3.33902,OK,5a5d37b33aef-2793224e
sat_scale,hold3,40,8,32,1.0,0,1,125.839,3.39296,OK,5a5d37b33aef-2793224e
sat_scale,bucketlock,40,8,32,1.0,0,2,125.058,3.37937,OK,5a5d37b33aef-2793224e
sat_scale,hold1,40,8,32,1.0,0,2,123.809,3.36722,OK,5a5d37b33aef-2793224e
sat_scale,hold3,40,8,32,1.0,0,2,120.253,3.26619,OK,5a5d37b33aef-2793224e
sat_scale,bucketlock,40,8,32,1.0,0,3,124.171,3.27002,OK,5a5d37b33aef-2793224e
sat_scale,hold1,40,8,32,1.0,0,3,127.259,3.48163,OK,5a5d37b33aef-2793224e
sat_scale,hold3,40,8,32,1.0,0,3,120.017,3.26984,OK,5a5d37b33aef-2793224e
sat_scale,bucketlock,40,8,32,1.0,0,4,124.069,3.38585,OK,5a5d37b33aef-2793224e
sat_scale,hold1,40,8,32,1.0,0,4,126.274,3.34139,OK,5a5d37b33aef-2793224e
sat_scale,hold3,40,8,32,1.0,0,4,125.668,3.38939,OK,5a5d37b33aef-2793224e
sat_scale,bucketlock,40,8,32,1.0,0,5,118.451,3.2214,OK,5a5d37b33aef-2793224e
sat_scale,hold1,40,8,32,1.0,0,5,127.49,3.43388,OK,5a5d37b33aef-2793224e
sat_scale,hold3,40,8,32,1.0,0,5,124.04,3.3903,OK,5a5d37b33aef-2793224e
sat_scale,bucketlock,104,8,96,1.0,0,1,295.897,2.77287,OK,5a5d37b33aef-2793224e
sat_scale,hold1,104,8,96,1.0,0,1,306.964,2.86671,OK,5a5d37b33aef-2793224e
sat_scale,hold3,104,8,96,1.0,0,1,304.529,2.8181,OK,5a5d37b33aef-2793224e
sat_scale,bucketlock,104,8,96,1.0,0,2,300.787,2.69566,OK,5a5d37b33aef-2793224e
sat_scale,hold1,104,8,96,1.0,0,2,303.353,2.8316,OK,5a5d37b33aef-2793224e
sat_scale,hold3,104,8,96,1.0,0,2,303.04,2.77475,OK,5a5d37b33aef-2793224e
sat_scale,bucketlock,104,8,96,1.0,0,3,307.079,2.85386,OK,5a5d37b33aef-2793224e
sat_scale,hold1,104,8,96,1.0,0,3,308.668,2.81534,OK,5a5d37b33aef-2793224e
sat_scale,hold3,104,8,96,1.0,0,3,310.294,2.74072,OK,5a5d37b33aef-2793224e
sat_scale,bucketlock,104,8,96,1.0,0,4,305.06,2.82624,OK,5a5d37b33aef-2793224e
sat_scale,hold1,104,8,96,1.0,0,4,307.706,2.84975,OK,5a5d37b33aef-2793224e
sat_scale,hold3,104,8,96,1.0,0,4,305.082,2.86791,OK,5a5d37b33aef-2793224e
sat_scale,bucketlock,104,8,96,1.0,0,5,305.6,2.81339,OK,5a5d37b33aef-2793224e
sat_scale,hold1,104,8,96,1.0,0,5,304.438,2.83436,OK,5a5d37b33aef-2793224e
sat_scale,hold3,104,8,96,1.0,0,5,298.966,2.84378,OK,5a5d37b33aef-2793224e
sat_scale,bucketlock,192,8,184,1.0,0,1,577.628,2.70189,OK,5a5d37b33aef-2793224e
sat_scale,hold1,192,8,184,1.0,0,1,592.999,2.61831,OK,5a5d37b33aef-2793224e
sat_scale,hold3,192,8,184,1.0,0,1,591.873,2.71779,OK,5a5d37b33aef-2793224e
sat_scale,bucketlock,192,8,184,1.0,0,2,587.852,2.61036,OK,5a5d37b33aef-2793224e
sat_scale,hold1,192,8,184,1.0,0,2,591.099,2.72114,OK,5a5d37b33aef-2793224e
sat_scale,hold3,192,8,184,1.0,0,2,572.97,2.70528,OK,5a5d37b33aef-2793224e
sat_scale,bucketlock,192,8,184,1.0,0,3,576.909,2.63384,OK,5a5d37b33aef-2793224e
sat_scale,hold1,192,8,184,1.0,0,3,574.153,2.58933,OK,5a5d37b33aef-2793224e
sat_scale,hold3,192,8,184,1.0,0,3,577.709,2.65076,OK,5a5d37b33aef-2793224e
sat_scale,bucketlock,192,8,184,1.0,0,4,574.931,2.54654,OK,5a5d37b33aef-2793224e
sat_scale,hold1,192,8,184,1.0,0,4,591.293,2.65492,OK,5a5d37b33aef-2793224e
sat_scale,hold3,192,8,184,1.0,0,4,572.978,2.61371,OK,5a5d37b33aef-2793224e
sat_scale,bucketlock,192,8,184,1.0,0,5,573.315,2.62172,OK,5a5d37b33aef-2793224e
sat_scale,hold1,192,8,184,1.0,0,5,582.301,2.71803,OK,5a5d37b33aef-2793224e
sat_scale,hold3,192,8,184,1.0,0,5,582.594,2.57688,OK,5a5d37b33aef-2793224e
sat_hit,bucketlock,10,8,2,1.0,0,1,30.9154,7.75681,OK,5a5d37b33aef-2793224e
sat_hit,hold1,10,8,2,1.0,0,1,28.8943,8.30795,OK,5a5d37b33aef-2793224e
sat_hit,hold3,10,8,2,1.0,0,1,31.4919,7.66816,OK,5a5d37b33aef-2793224e
sat_hit,bucketlock,10,8,2,1.0,0,2,30.4247,7.90799,OK,5a5d37b33aef-2793224e
sat_hit,hold1,10,8,2,1.0,0,2,28.8091,8.60771,OK,5a5d37b33aef-2793224e
sat_hit,hold3,10,8,2,1.0,0,2,32.0415,7.99014,OK,5a5d37b33aef-2793224e
sat_hit,bucketlock,10,8,2,1.0,0,3,30.0916,8.25375,OK,5a5d37b33aef-2793224e
sat_hit,hold1,10,8,2,1.0,0,3,29.3319,8.68733,OK,5a5d37b33aef-2793224e
sat_hit,hold3,10,8,2,1.0,0,3,32.479,7.55596,OK,5a5d37b33aef-2793224e
sat_hit,bucketlock,10,8,2,1.0,0,4,30.7175,7.60439,OK,5a5d37b33aef-2793224e
sat_hit,hold1,10,8,2,1.0,0,4,29.8423,8.20142,OK,5a5d37b33aef-2793224e
sat_hit,hold3,10,8,2,1.0,0,4,30.8746,7.79092,OK,5a5d37b33aef-2793224e
sat_hit,bucketlock,10,8,2,1.0,0,5,31.2287,8.05492,OK,5a5d37b33aef-2793224e
sat_hit,hold1,10,8,2,1.0,0,5,28.5787,8.68611,OK,5a5d37b33aef-2793224e
sat_hit,hold3,10,8,2,1.0,0,5,31.1758,8.4425,OK,5a5d37b33aef-2793224e
sat_hit,bucketlock,16,8,8,1.0,0,1,119.036,3.62848,OK,5a5d37b33aef-2793224e
sat_hit,hold1,16,8,8,1.0,0,1,117.502,3.72543,OK,5a5d37b33aef-2793224e
sat_hit,hold3,16,8,8,1.0,0,1,122.463,3.56905,OK,5a5d37b33aef-2793224e
sat_hit,bucketlock,16,8,8,1.0,0,2,115.869,3.40616,OK,5a5d37b33aef-2793224e
sat_hit,hold1,16,8,8,1.0,0,2,118.823,3.3735,OK,5a5d37b33aef-2793224e
sat_hit,hold3,16,8,8,1.0,0,2,123.555,3.40625,OK,5a5d37b33aef-2793224e
sat_hit,bucketlock,16,8,8,1.0,0,3,121.205,3.37224,OK,5a5d37b33aef-2793224e
sat_hit,hold1,16,8,8,1.0,0,3,114.718,3.64981,OK,5a5d37b33aef-2793224e
sat_hit,hold3,16,8,8,1.0,0,3,116.465,3.51434,OK,5a5d37b33aef-2793224e
sat_hit,bucketlock,16,8,8,1.0,0,4,124.881,3.25586,OK,5a5d37b33aef-2793224e
sat_hit,hold1,16,8,8,1.0,0,4,118.897,3.53971,OK,5a5d37b33aef-2793224e
sat_hit,hold3,16,8,8,1.0,0,4,119.103,3.34313,OK,5a5d37b33aef-2793224e
sat_hit,bucketlock,16,8,8,1.0,0,5,118.382,3.36754,OK,5a5d37b33aef-2793224e
sat_hit,hold1,16,8,8,1.0,0,5,114.129,3.64747,OK,5a5d37b33aef-2793224e
sat_hit,hold3,16,8,8,1.0,0,5,117.956,3.47023,OK,5a5d37b33aef-2793224e
sat_hit,bucketlock,40,8,32,1.0,0,1,415.112,2.79387,OK,5a5d37b33aef-2793224e
sat_hit,hold1,40,8,32,1.0,0,1,392.864,2.95071,OK,5a5d37b33aef-2793224e
sat_hit,hold3,40,8,32,1.0,0,1,409.229,2.94497,OK,5a5d37b33aef-2793224e
sat_hit,bucketlock,40,8,32,1.0,0,2,424.036,2.78026,OK,5a5d37b33aef-2793224e
sat_hit,hold1,40,8,32,1.0,0,2,401.132,2.96386,OK,5a5d37b33aef-2793224e
sat_hit,hold3,40,8,32,1.0,0,2,405.203,2.86552,OK,5a5d37b33aef-2793224e
sat_hit,bucketlock,40,8,32,1.0,0,3,398.553,2.80048,OK,5a5d37b33aef-2793224e
sat_hit,hold1,40,8,32,1.0,0,3,390.987,3.07082,OK,5a5d37b33aef-2793224e
sat_hit,hold3,40,8,32,1.0,0,3,396.019,2.96897,OK,5a5d37b33aef-2793224e
sat_hit,bucketlock,40,8,32,1.0,0,4,411.068,2.75735,OK,5a5d37b33aef-2793224e
sat_hit,hold1,40,8,32,1.0,0,4,393.811,3.02394,OK,5a5d37b33aef-2793224e
sat_hit,hold3,40,8,32,1.0,0,4,443.563,2.90537,OK,5a5d37b33aef-2793224e
sat_hit,bucketlock,40,8,32,1.0,0,5,408.032,2.9487,OK,5a5d37b33aef-2793224e
sat_hit,hold1,40,8,32,1.0,0,5,394.458,3.01204,OK,5a5d37b33aef-2793224e
sat_hit,hold3,40,8,32,1.0,0,5,434.961,2.883,OK,5a5d37b33aef-2793224e
sat_hit,bucketlock,104,8,96,1.0,0,1,826.109,1.41287,OK,5a5d37b33aef-2793224e
sat_hit,hold1,104,8,96,1.0,0,1,857.311,1.45363,OK,5a5d37b33aef-2793224e
sat_hit,hold3,104,8,96,1.0,0,1,883.078,1.42038,OK,5a5d37b33aef-2793224e
sat_hit,bucketlock,104,8,96,1.0,0,2,828.338,1.38418,OK,5a5d37b33aef-2793224e
sat_hit,hold1,104,8,96,1.0,0,2,866.248,1.43115,OK,5a5d37b33aef-2793224e
sat_hit,hold3,104,8,96,1.0,0,2,920.169,1.41263,OK,5a5d37b33aef-2793224e
sat_hit,bucketlock,104,8,96,1.0,0,3,888.151,1.36576,OK,5a5d37b33aef-2793224e
sat_hit,hold1,104,8,96,1.0,0,3,822.152,1.42323,OK,5a5d37b33aef-2793224e
sat_hit,hold3,104,8,96,1.0,0,3,920.009,1.38778,OK,5a5d37b33aef-2793224e
sat_hit,bucketlock,104,8,96,1.0,0,4,911.914,1.35552,OK,5a5d37b33aef-2793224e
sat_hit,hold1,104,8,96,1.0,0,4,910.867,1.42317,OK,5a5d37b33aef-2793224e
sat_hit,hold3,104,8,96,1.0,0,4,867.673,1.42242,OK,5a5d37b33aef-2793224e
sat_hit,bucketlock,104,8,96,1.0,0,5,877.833,1.44656,OK,5a5d37b33aef-2793224e
sat_hit,hold1,104,8,96,1.0,0,5,864.473,1.46218,OK,5a5d37b33aef-2793224e
sat_hit,hold3,104,8,96,1.0,0,5,919.181,1.4002,OK,5a5d37b33aef-2793224e
sat_hit,bucketlock,192,8,184,1.0,0,1,1122.53,1.1363,OK,5a5d37b33aef-2793224e
sat_hit,hold1,192,8,184,1.0,0,1,1020.64,1.01837,OK,5a5d37b33aef-2793224e
sat_hit,hold3,192,8,184,1.0,0,1,1116.31,1.13071,OK,5a5d37b33aef-2793224e
sat_hit,bucketlock,192,8,184,1.0,0,2,1145.88,1.13357,OK,5a5d37b33aef-2793224e
sat_hit,hold1,192,8,184,1.0,0,2,1010.32,1.0464,OK,5a5d37b33aef-2793224e
sat_hit,hold3,192,8,184,1.0,0,2,1257.29,1.07136,OK,5a5d37b33aef-2793224e
sat_hit,bucketlock,192,8,184,1.0,0,3,1172.53,1.11799,OK,5a5d37b33aef-2793224e
sat_hit,hold1,192,8,184,1.0,0,3,1028.28,1.03293,OK,5a5d37b33aef-2793224e
sat_hit,hold3,192,8,184,1.0,0,3,1194.14,1.10645,OK,5a5d37b33aef-2793224e
sat_hit,bucketlock,192,8,184,1.0,0,4,1163.3,1.10352,OK,5a5d37b33aef-2793224e
sat_hit,hold1,192,8,184,1.0,0,4,1050.11,1.0235,OK,5a5d37b33aef-2793224e
sat_hit,hold3,192,8,184,1.0,0,4,1225.25,1.07293,OK,5a5d37b33aef-2793224e
sat_hit,bucketlock,192,8,184,1.0,0,5,1206.63,1.09026,OK,5a5d37b33aef-2793224e
sat_hit,hold1,192,8,184,1.0,0,5,1019.87,1.02794,OK,5a5d37b33aef-2793224e
sat_hit,hold3,192,8,184,1.0,0,5,1192.21,1.14222,OK,5a5d37b33aef-2793224e
frac,bucketlock,48,-1,48,0,0,1,174.058,0,OK,5a5d37b33aef-2793224e
frac,hold1,48,-1,48,0,0,1,173.615,0,OK,5a5d37b33aef-2793224e
frac,hold3,48,-1,48,0,0,1,172.802,0,OK,5a5d37b33aef-2793224e
frac,bucketlock,48,-1,48,0,0,2,169.848,0,OK,5a5d37b33aef-2793224e
frac,hold1,48,-1,48,0,0,2,173.519,0,OK,5a5d37b33aef-2793224e
frac,hold3,48,-1,48,0,0,2,171.604,0,OK,5a5d37b33aef-2793224e
frac,bucketlock,48,-1,48,0,0,3,173.05,0,OK,5a5d37b33aef-2793224e
frac,hold1,48,-1,48,0,0,3,172.882,0,OK,5a5d37b33aef-2793224e
frac,hold3,48,-1,48,0,0,3,172.448,0,OK,5a5d37b33aef-2793224e
frac,bucketlock,48,-1,48,0,0,4,170.656,0,OK,5a5d37b33aef-2793224e
frac,hold1,48,-1,48,0,0,4,172.337,0,OK,5a5d37b33aef-2793224e
frac,hold3,48,-1,48,0,0,4,169.649,0,OK,5a5d37b33aef-2793224e
frac,bucketlock,48,-1,48,0,0,5,168.35,0,OK,5a5d37b33aef-2793224e
frac,hold1,48,-1,48,0,0,5,173.803,0,OK,5a5d37b33aef-2793224e
frac,hold3,48,-1,48,0,0,5,171.643,0,OK,5a5d37b33aef-2793224e
frac,bucketlock,48,-1,48,0.01,0,1,138.08,1.39614,OK,5a5d37b33aef-2793224e
frac,hold1,48,-1,48,0.01,0,1,135.967,1.37501,OK,5a5d37b33aef-2793224e
frac,hold3,48,-1,48,0.01,0,1,135.526,1.37023,OK,5a5d37b33aef-2793224e
frac,bucketlock,48,-1,48,0.01,0,2,139.005,1.40545,OK,5a5d37b33aef-2793224e
frac,hold1,48,-1,48,0.01,0,2,137.884,1.3944,OK,5a5d37b33aef-2793224e
frac,hold3,48,-1,48,0.01,0,2,140.395,1.41936,OK,5a5d37b33aef-2793224e
frac,bucketlock,48,-1,48,0.01,0,3,133.391,1.34892,OK,5a5d37b33aef-2793224e
frac,hold1,48,-1,48,0.01,0,3,137.377,1.3891,OK,5a5d37b33aef-2793224e
frac,hold3,48,-1,48,0.01,0,3,141.338,1.42924,OK,5a5d37b33aef-2793224e
frac,bucketlock,48,-1,48,0.01,0,4,137.431,1.3895,OK,5a5d37b33aef-2793224e
frac,hold1,48,-1,48,0.01,0,4,135.732,1.37249,OK,5a5d37b33aef-2793224e
frac,hold3,48,-1,48,0.01,0,4,138.461,1.40019,OK,5a5d37b33aef-2793224e
frac,bucketlock,48,-1,48,0.01,0,5,138.904,1.40448,OK,5a5d37b33aef-2793224e
frac,hold1,48,-1,48,0.01,0,5,136.381,1.37887,OK,5a5d37b33aef-2793224e
frac,hold3,48,-1,48,0.01,0,5,136.203,1.37709,OK,5a5d37b33aef-2793224e
frac,bucketlock,48,-1,48,0.1,0,1,42.1565,4.67929,OK,5a5d37b33aef-2793224e
frac,hold1,48,-1,48,0.1,0,1,41.3938,4.59489,OK,5a5d37b33aef-2793224e
frac,hold3,48,-1,48,0.1,0,1,41.0889,4.56019,OK,5a5d37b33aef-2793224e
frac,bucketlock,48,-1,48,0.1,0,2,41.7952,4.6394,OK,5a5d37b33aef-2793224e
frac,hold1,48,-1,48,0.1,0,2,41.3419,4.58911,OK,5a5d37b33aef-2793224e
frac,hold3,48,-1,48,0.1,0,2,41.4332,4.59875,OK,5a5d37b33aef-2793224e
frac,bucketlock,48,-1,48,0.1,0,3,42.5098,4.71815,OK,5a5d37b33aef-2793224e
frac,hold1,48,-1,48,0.1,0,3,42.3004,4.69526,OK,5a5d37b33aef-2793224e
frac,hold3,48,-1,48,0.1,0,3,39.8505,4.42377,OK,5a5d37b33aef-2793224e
frac,bucketlock,48,-1,48,0.1,0,4,41.1452,4.56695,OK,5a5d37b33aef-2793224e
frac,hold1,48,-1,48,0.1,0,4,42.5733,4.72582,OK,5a5d37b33aef-2793224e
frac,hold3,48,-1,48,0.1,0,4,41.0794,4.55975,OK,5a5d37b33aef-2793224e
frac,bucketlock,48,-1,48,0.1,0,5,42.3037,4.69548,OK,5a5d37b33aef-2793224e
frac,hold1,48,-1,48,0.1,0,5,42.2449,4.68905,OK,5a5d37b33aef-2793224e
frac,hold3,48,-1,48,0.1,0,5,41.099,4.56185,OK,5a5d37b33aef-2793224e
frac,bucketlock,48,-1,48,0.5,0,1,6.526,6.52805,OK,5a5d37b33aef-2793224e
frac,hold1,48,-1,48,0.5,0,1,6.54958,6.55185,OK,5a5d37b33aef-2793224e
frac,hold3,48,-1,48,0.5,0,1,6.74754,6.75015,OK,5a5d37b33aef-2793224e
frac,bucketlock,48,-1,48,0.5,0,2,6.4955,6.49699,OK,5a5d37b33aef-2793224e
frac,hold1,48,-1,48,0.5,0,2,6.51468,6.51649,OK,5a5d37b33aef-2793224e
frac,hold3,48,-1,48,0.5,0,2,6.53069,6.5321,OK,5a5d37b33aef-2793224e
frac,bucketlock,48,-1,48,0.5,0,3,6.35982,6.36136,OK,5a5d37b33aef-2793224e
frac,hold1,48,-1,48,0.5,0,3,6.59405,6.596,OK,5a5d37b33aef-2793224e
frac,hold3,48,-1,48,0.5,0,3,6.49933,6.50167,OK,5a5d37b33aef-2793224e
frac,bucketlock,48,-1,48,0.5,0,4,6.63008,6.6326,OK,5a5d37b33aef-2793224e
frac,hold1,48,-1,48,0.5,0,4,6.47509,6.4763,OK,5a5d37b33aef-2793224e
frac,hold3,48,-1,48,0.5,0,4,6.35616,6.35768,OK,5a5d37b33aef-2793224e
frac,bucketlock,48,-1,48,0.5,0,5,6.30744,6.30929,OK,5a5d37b33aef-2793224e
frac,hold1,48,-1,48,0.5,0,5,6.43448,6.43658,OK,5a5d37b33aef-2793224e
frac,hold3,48,-1,48,0.5,0,5,6.60431,6.60565,OK,5a5d37b33aef-2793224e
