panel,place,engine,writers,route,run,mops_s,maxrss_kib,conserved,src
churn_alloc,copin,txn-global,1,pf_batch,1,4.25193,65852,OK,e0c403a2512e-18809ea8
churn_alloc,copin,txn-global,1,batch_rseq,1,4.47013,66936,OK,e0c403a2512e-18809ea8
churn_alloc,copin,txn-global,1,pf_batch_rseq,1,4.48271,66932,OK,e0c403a2512e-18809ea8
churn_alloc,copin,txn-global,1,batch,1,4.14314,70692,OK,e0c403a2512e-18809ea8
churn_alloc,copin,txn-global,1,batch_rseq,2,4.44107,66908,OK,e0c403a2512e-18809ea8
churn_alloc,copin,txn-global,1,pf_batch_rseq,2,4.50645,66944,OK,e0c403a2512e-18809ea8
churn_alloc,copin,txn-global,1,batch,2,4.16735,64884,OK,e0c403a2512e-18809ea8
churn_alloc,copin,txn-global,1,pf_batch,2,4.23961,69568,OK,e0c403a2512e-18809ea8
churn_alloc,copin,txn-global,1,pf_batch_rseq,3,4.45896,66944,OK,e0c403a2512e-18809ea8
churn_alloc,copin,txn-global,1,batch,3,4.00085,58472,OK,e0c403a2512e-18809ea8
churn_alloc,copin,txn-global,1,pf_batch,3,4.23049,64728,OK,e0c403a2512e-18809ea8
churn_alloc,copin,txn-global,1,batch_rseq,3,4.47147,74248,OK,e0c403a2512e-18809ea8
churn_alloc,copin,txn-global,1,batch,4,4.11835,66044,OK,e0c403a2512e-18809ea8
churn_alloc,copin,txn-global,1,pf_batch,4,4.21155,63852,OK,e0c403a2512e-18809ea8
churn_alloc,copin,txn-global,1,batch_rseq,4,4.47692,70004,OK,e0c403a2512e-18809ea8
churn_alloc,copin,txn-global,1,pf_batch_rseq,4,4.44747,66920,OK,e0c403a2512e-18809ea8
churn_alloc,copin,txn-global,1,pf_batch,5,4.22867,63864,OK,e0c403a2512e-18809ea8
churn_alloc,copin,txn-global,1,batch_rseq,5,4.47415,66932,OK,e0c403a2512e-18809ea8
churn_alloc,copin,txn-global,1,pf_batch_rseq,5,4.47643,71724,OK,e0c403a2512e-18809ea8
churn_alloc,copin,txn-global,1,batch,5,4.07921,61476,OK,e0c403a2512e-18809ea8
churn_alloc,copin,txn-global,1,batch_rseq,6,4.46268,75776,OK,e0c403a2512e-18809ea8
churn_alloc,copin,txn-global,1,pf_batch_rseq,6,4.47113,74540,OK,e0c403a2512e-18809ea8
churn_alloc,copin,txn-global,1,batch,6,4.14994,68316,OK,e0c403a2512e-18809ea8
churn_alloc,copin,txn-global,1,pf_batch,6,4.14167,63876,OK,e0c403a2512e-18809ea8
churn_alloc,copin,txn-global,1,pf_batch_rseq,7,4.4833,74700,OK,e0c403a2512e-18809ea8
churn_alloc,copin,txn-global,1,batch,7,4.13517,73028,OK,e0c403a2512e-18809ea8
churn_alloc,copin,txn-global,1,pf_batch,7,4.11313,63832,OK,e0c403a2512e-18809ea8
churn_alloc,copin,txn-global,1,batch_rseq,7,4.4563,71664,OK,e0c403a2512e-18809ea8
churn_alloc,copin,txn-mark,1,pf_batch,1,4.01103,69992,OK,e0c403a2512e-18809ea8
churn_alloc,copin,txn-mark,1,batch_rseq,1,4.14005,70000,OK,e0c403a2512e-18809ea8
churn_alloc,copin,txn-mark,1,pf_batch_rseq,1,4.29748,76388,OK,e0c403a2512e-18809ea8
churn_alloc,copin,txn-mark,1,batch,1,3.94317,70132,OK,e0c403a2512e-18809ea8
churn_alloc,copin,txn-mark,1,batch_rseq,2,4.19839,69992,OK,e0c403a2512e-18809ea8
churn_alloc,copin,txn-mark,1,pf_batch_rseq,2,4.30206,77256,OK,e0c403a2512e-18809ea8
churn_alloc,copin,txn-mark,1,batch,2,3.94399,71676,OK,e0c403a2512e-18809ea8
churn_alloc,copin,txn-mark,1,pf_batch,2,3.96886,65936,OK,e0c403a2512e-18809ea8
churn_alloc,copin,txn-mark,1,pf_batch_rseq,3,4.28698,69972,OK,e0c403a2512e-18809ea8
churn_alloc,copin,txn-mark,1,batch,3,3.82438,70332,OK,e0c403a2512e-18809ea8
churn_alloc,copin,txn-mark,1,pf_batch,3,3.99916,66920,OK,e0c403a2512e-18809ea8
churn_alloc,copin,txn-mark,1,batch_rseq,3,3.85376,70352,OK,e0c403a2512e-18809ea8
churn_alloc,copin,txn-mark,1,batch,4,3.9531,66904,OK,e0c403a2512e-18809ea8
churn_alloc,copin,txn-mark,1,pf_batch,4,3.9871,71640,OK,e0c403a2512e-18809ea8
churn_alloc,copin,txn-mark,1,batch_rseq,4,4.22747,70024,OK,e0c403a2512e-18809ea8
churn_alloc,copin,txn-mark,1,pf_batch_rseq,4,4.29697,69996,OK,e0c403a2512e-18809ea8
churn_alloc,copin,txn-mark,1,pf_batch,5,3.97648,69780,OK,e0c403a2512e-18809ea8
churn_alloc,copin,txn-mark,1,batch_rseq,5,4.20895,73072,OK,e0c403a2512e-18809ea8
churn_alloc,copin,txn-mark,1,pf_batch_rseq,5,4.28462,73592,OK,e0c403a2512e-18809ea8
churn_alloc,copin,txn-mark,1,batch,5,3.95943,66892,OK,e0c403a2512e-18809ea8
churn_alloc,copin,txn-mark,1,batch_rseq,6,4.22097,69964,OK,e0c403a2512e-18809ea8
churn_alloc,copin,txn-mark,1,pf_batch_rseq,6,4.27799,77488,OK,e0c403a2512e-18809ea8
churn_alloc,copin,txn-mark,1,batch,6,3.85203,63876,OK,e0c403a2512e-18809ea8
churn_alloc,copin,txn-mark,1,pf_batch,6,3.98711,66932,OK,e0c403a2512e-18809ea8
churn_alloc,copin,txn-mark,1,pf_batch_rseq,7,4.29454,73056,OK,e0c403a2512e-18809ea8
churn_alloc,copin,txn-mark,1,batch,7,3.9358,71676,OK,e0c403a2512e-18809ea8
churn_alloc,copin,txn-mark,1,pf_batch,7,3.96836,74444,OK,e0c403a2512e-18809ea8
churn_alloc,copin,txn-mark,1,batch_rseq,7,4.23031,69964,OK,e0c403a2512e-18809ea8
churn_alloc,copin,bucketlock,1,pf_batch,1,6.43249,37244,OK,e0c403a2512e-18809ea8
churn_alloc,copin,bucketlock,1,batch_rseq,1,6.59721,37240,OK,e0c403a2512e-18809ea8
churn_alloc,copin,bucketlock,1,pf_batch_rseq,1,6.60374,33124,OK,e0c403a2512e-18809ea8
churn_alloc,copin,bucketlock,1,batch,1,6.45141,33156,OK,e0c403a2512e-18809ea8
churn_alloc,copin,bucketlock,1,batch_rseq,2,6.58371,44428,OK,e0c403a2512e-18809ea8
churn_alloc,copin,bucketlock,1,pf_batch_rseq,2,6.58574,33064,OK,e0c403a2512e-18809ea8
churn_alloc,copin,bucketlock,1,batch,2,6.39152,33136,OK,e0c403a2512e-18809ea8
churn_alloc,copin,bucketlock,1,pf_batch,2,6.43473,40328,OK,e0c403a2512e-18809ea8
churn_alloc,copin,bucketlock,1,pf_batch_rseq,3,6.55035,44416,OK,e0c403a2512e-18809ea8
churn_alloc,copin,bucketlock,1,batch,3,6.4294,37240,OK,e0c403a2512e-18809ea8
churn_alloc,copin,bucketlock,1,pf_batch,3,6.44376,33128,OK,e0c403a2512e-18809ea8
churn_alloc,copin,bucketlock,1,batch_rseq,3,6.57721,40312,OK,e0c403a2512e-18809ea8
churn_alloc,copin,bucketlock,1,batch,4,6.46246,33140,OK,e0c403a2512e-18809ea8
churn_alloc,copin,bucketlock,1,pf_batch,4,6.40562,33160,OK,e0c403a2512e-18809ea8
churn_alloc,copin,bucketlock,1,batch_rseq,4,6.54467,40312,OK,e0c403a2512e-18809ea8
churn_alloc,copin,bucketlock,1,pf_batch_rseq,4,6.57613,33128,OK,e0c403a2512e-18809ea8
churn_alloc,copin,bucketlock,1,pf_batch,5,6.4311,33148,OK,e0c403a2512e-18809ea8
churn_alloc,copin,bucketlock,1,batch_rseq,5,6.58,33132,OK,e0c403a2512e-18809ea8
churn_alloc,copin,bucketlock,1,pf_batch_rseq,5,6.59454,29060,OK,e0c403a2512e-18809ea8
churn_alloc,copin,bucketlock,1,batch,5,6.42359,33124,OK,e0c403a2512e-18809ea8
churn_alloc,copin,bucketlock,1,batch_rseq,6,6.52891,44408,OK,e0c403a2512e-18809ea8
churn_alloc,copin,bucketlock,1,pf_batch_rseq,6,6.57389,40324,OK,e0c403a2512e-18809ea8
churn_alloc,copin,bucketlock,1,batch,6,6.41086,37144,OK,e0c403a2512e-18809ea8
churn_alloc,copin,bucketlock,1,pf_batch,6,6.35222,37216,OK,e0c403a2512e-18809ea8
churn_alloc,copin,bucketlock,1,pf_batch_rseq,7,6.43385,33128,OK,e0c403a2512e-18809ea8
churn_alloc,copin,bucketlock,1,batch,7,6.43492,40316,OK,e0c403a2512e-18809ea8
churn_alloc,copin,bucketlock,1,pf_batch,7,6.44843,33136,OK,e0c403a2512e-18809ea8
churn_alloc,copin,bucketlock,1,batch_rseq,7,6.16303,33108,OK,e0c403a2512e-18809ea8
churn_alloc,copin,txn-global,4,pf_batch,1,11.4554,142836,OK,e0c403a2512e-18809ea8
churn_alloc,copin,txn-global,4,batch_rseq,1,11.8383,153068,OK,e0c403a2512e-18809ea8
churn_alloc,copin,txn-global,4,pf_batch_rseq,1,11.843,160144,OK,e0c403a2512e-18809ea8
churn_alloc,copin,txn-global,4,batch,1,11.1821,143672,OK,e0c403a2512e-18809ea8
churn_alloc,copin,txn-global,4,batch_rseq,2,11.8485,166204,OK,e0c403a2512e-18809ea8
churn_alloc,copin,txn-global,4,pf_batch_rseq,2,11.8334,148616,OK,e0c403a2512e-18809ea8
churn_alloc,copin,txn-global,4,batch,2,11.4129,143876,OK,e0c403a2512e-18809ea8
churn_alloc,copin,txn-global,4,pf_batch,2,11.5467,146720,OK,e0c403a2512e-18809ea8
churn_alloc,copin,txn-global,4,pf_batch_rseq,3,11.8445,151428,OK,e0c403a2512e-18809ea8
churn_alloc,copin,txn-global,4,batch,3,11.4093,139712,OK,e0c403a2512e-18809ea8
churn_alloc,copin,txn-global,4,pf_batch,3,11.4577,157748,OK,e0c403a2512e-18809ea8
churn_alloc,copin,txn-global,4,batch_rseq,3,11.8327,152612,OK,e0c403a2512e-18809ea8
churn_alloc,copin,txn-global,4,batch,4,11.4393,142244,OK,e0c403a2512e-18809ea8
churn_alloc,copin,txn-global,4,pf_batch,4,11.432,150004,OK,e0c403a2512e-18809ea8
churn_alloc,copin,txn-global,4,batch_rseq,4,11.8834,152148,OK,e0c403a2512e-18809ea8
churn_alloc,copin,txn-global,4,pf_batch_rseq,4,11.8268,160440,OK,e0c403a2512e-18809ea8
churn_alloc,copin,txn-global,4,pf_batch,5,11.4357,151832,OK,e0c403a2512e-18809ea8
churn_alloc,copin,txn-global,4,batch_rseq,5,11.8559,156004,OK,e0c403a2512e-18809ea8
churn_alloc,copin,txn-global,4,pf_batch_rseq,5,11.7833,154536,OK,e0c403a2512e-18809ea8
churn_alloc,copin,txn-global,4,batch,5,11.3704,147552,OK,e0c403a2512e-18809ea8
churn_alloc,copin,txn-global,4,batch_rseq,6,11.8238,157272,OK,e0c403a2512e-18809ea8
churn_alloc,copin,txn-global,4,pf_batch_rseq,6,11.7349,152888,OK,e0c403a2512e-18809ea8
churn_alloc,copin,txn-global,4,batch,6,11.4339,145700,OK,e0c403a2512e-18809ea8
churn_alloc,copin,txn-global,4,pf_batch,6,11.4356,141504,OK,e0c403a2512e-18809ea8
churn_alloc,copin,txn-global,4,pf_batch_rseq,7,11.7295,156856,OK,e0c403a2512e-18809ea8
churn_alloc,copin,txn-global,4,batch,7,11.3374,145784,OK,e0c403a2512e-18809ea8
churn_alloc,copin,txn-global,4,pf_batch,7,11.3822,139532,OK,e0c403a2512e-18809ea8
churn_alloc,copin,txn-global,4,batch_rseq,7,11.8667,154440,OK,e0c403a2512e-18809ea8
churn_alloc,copin,txn-mark,4,pf_batch,1,10.3564,147292,OK,e0c403a2512e-18809ea8
churn_alloc,copin,txn-mark,4,batch_rseq,1,11.1546,156892,OK,e0c403a2512e-18809ea8
churn_alloc,copin,txn-mark,4,pf_batch_rseq,1,11.2443,163716,OK,e0c403a2512e-18809ea8
churn_alloc,copin,txn-mark,4,batch,1,10.657,145784,OK,e0c403a2512e-18809ea8
churn_alloc,copin,txn-mark,4,batch_rseq,2,11.1313,158176,OK,e0c403a2512e-18809ea8
churn_alloc,copin,txn-mark,4,pf_batch_rseq,2,11.2298,157988,OK,e0c403a2512e-18809ea8
churn_alloc,copin,txn-mark,4,batch,2,10.639,150712,OK,e0c403a2512e-18809ea8
churn_alloc,copin,txn-mark,4,pf_batch,2,10.3494,152096,OK,e0c403a2512e-18809ea8
churn_alloc,copin,txn-mark,4,pf_batch_rseq,3,11.2195,161400,OK,e0c403a2512e-18809ea8
churn_alloc,copin,txn-mark,4,batch,3,10.676,153596,OK,e0c403a2512e-18809ea8
churn_alloc,copin,txn-mark,4,pf_batch,3,10.3576,144080,OK,e0c403a2512e-18809ea8
churn_alloc,copin,txn-mark,4,batch_rseq,3,11.1539,157060,OK,e0c403a2512e-18809ea8
churn_alloc,copin,txn-mark,4,batch,4,10.655,155148,OK,e0c403a2512e-18809ea8
churn_alloc,copin,txn-mark,4,pf_batch,4,10.3677,148876,OK,e0c403a2512e-18809ea8
churn_alloc,copin,txn-mark,4,batch_rseq,4,11.0944,157812,OK,e0c403a2512e-18809ea8
churn_alloc,copin,txn-mark,4,pf_batch_rseq,4,11.0931,156928,OK,e0c403a2512e-18809ea8
churn_alloc,copin,txn-mark,4,pf_batch,5,10.351,146248,OK,e0c403a2512e-18809ea8
churn_alloc,copin,txn-mark,4,batch_rseq,5,11.1855,152808,OK,e0c403a2512e-18809ea8
churn_alloc,copin,txn-mark,4,pf_batch_rseq,5,11.1656,168496,OK,e0c403a2512e-18809ea8
churn_alloc,copin,txn-mark,4,batch,5,10.6147,152428,OK,e0c403a2512e-18809ea8
churn_alloc,copin,txn-mark,4,batch_rseq,6,11.1565,159832,OK,e0c403a2512e-18809ea8
churn_alloc,copin,txn-mark,4,pf_batch_rseq,6,11.1157,167268,OK,e0c403a2512e-18809ea8
churn_alloc,copin,txn-mark,4,batch,6,10.5855,158212,OK,e0c403a2512e-18809ea8
churn_alloc,copin,txn-mark,4,pf_batch,6,10.3445,149976,OK,e0c403a2512e-18809ea8
churn_alloc,copin,txn-mark,4,pf_batch_rseq,7,11.2565,158860,OK,e0c403a2512e-18809ea8
churn_alloc,copin,txn-mark,4,batch,7,10.6349,150724,OK,e0c403a2512e-18809ea8
churn_alloc,copin,txn-mark,4,pf_batch,7,10.351,142520,OK,e0c403a2512e-18809ea8
churn_alloc,copin,txn-mark,4,batch_rseq,7,11.2061,161184,OK,e0c403a2512e-18809ea8
churn_alloc,copin,bucketlock,4,pf_batch,1,12.5055,51628,OK,e0c403a2512e-18809ea8
churn_alloc,copin,bucketlock,4,batch_rseq,1,12.7371,51632,OK,e0c403a2512e-18809ea8
churn_alloc,copin,bucketlock,4,pf_batch_rseq,1,12.3886,56228,OK,e0c403a2512e-18809ea8
churn_alloc,copin,bucketlock,4,batch,1,12.4298,54668,OK,e0c403a2512e-18809ea8
churn_alloc,copin,bucketlock,4,batch_rseq,2,12.6921,51616,OK,e0c403a2512e-18809ea8
churn_alloc,copin,bucketlock,4,pf_batch_rseq,2,12.4371,51604,OK,e0c403a2512e-18809ea8
churn_alloc,copin,bucketlock,4,batch,2,12.4804,51612,OK,e0c403a2512e-18809ea8
churn_alloc,copin,bucketlock,4,pf_batch,2,12.4403,51616,OK,e0c403a2512e-18809ea8
churn_alloc,copin,bucketlock,4,pf_batch_rseq,3,12.3975,58252,OK,e0c403a2512e-18809ea8
churn_alloc,copin,bucketlock,4,batch,3,12.4107,53144,OK,e0c403a2512e-18809ea8
churn_alloc,copin,bucketlock,4,pf_batch,3,12.4676,54712,OK,e0c403a2512e-18809ea8
churn_alloc,copin,bucketlock,4,batch_rseq,3,12.5698,57756,OK,e0c403a2512e-18809ea8
churn_alloc,copin,bucketlock,4,batch,4,12.4081,57752,OK,e0c403a2512e-18809ea8
churn_alloc,copin,bucketlock,4,pf_batch,4,12.4165,51608,OK,e0c403a2512e-18809ea8
churn_alloc,copin,bucketlock,4,batch_rseq,4,12.6799,54688,OK,e0c403a2512e-18809ea8
churn_alloc,copin,bucketlock,4,pf_batch_rseq,4,12.4223,61296,OK,e0c403a2512e-18809ea8
churn_alloc,copin,bucketlock,4,pf_batch,5,12.4625,56728,OK,e0c403a2512e-18809ea8
churn_alloc,copin,bucketlock,4,batch_rseq,5,12.7091,54672,OK,e0c403a2512e-18809ea8
churn_alloc,copin,bucketlock,4,pf_batch_rseq,5,12.3647,57744,OK,e0c403a2512e-18809ea8
churn_alloc,copin,bucketlock,4,batch,5,12.4536,57788,OK,e0c403a2512e-18809ea8
churn_alloc,copin,bucketlock,4,batch_rseq,6,12.6449,54672,OK,e0c403a2512e-18809ea8
churn_alloc,copin,bucketlock,4,pf_batch_rseq,6,12.4608,51640,OK,e0c403a2512e-18809ea8
churn_alloc,copin,bucketlock,4,batch,6,12.4074,51620,OK,e0c403a2512e-18809ea8
churn_alloc,copin,bucketlock,4,pf_batch,6,12.4532,51632,OK,e0c403a2512e-18809ea8
churn_alloc,copin,bucketlock,4,pf_batch_rseq,7,12.3947,54688,OK,e0c403a2512e-18809ea8
churn_alloc,copin,bucketlock,4,batch,7,12.4657,51612,OK,e0c403a2512e-18809ea8
churn_alloc,copin,bucketlock,4,pf_batch,7,12.4526,51652,OK,e0c403a2512e-18809ea8
churn_alloc,copin,bucketlock,4,batch_rseq,7,12.7575,54672,OK,e0c403a2512e-18809ea8
churn_alloc,copin,txn-global,48,pf_batch,1,33.3659,447616,OK,e0c403a2512e-18809ea8
churn_alloc,copin,txn-global,48,batch_rseq,1,33.1979,452936,OK,e0c403a2512e-18809ea8
churn_alloc,copin,txn-global,48,pf_batch_rseq,1,33.2322,445496,OK,e0c403a2512e-18809ea8
churn_alloc,copin,txn-global,48,batch,1,33.2195,446016,OK,e0c403a2512e-18809ea8
churn_alloc,copin,txn-global,48,batch_rseq,2,33.1479,458340,OK,e0c403a2512e-18809ea8
churn_alloc,copin,txn-global,48,pf_batch_rseq,2,33.2238,521276,OK,e0c403a2512e-18809ea8
churn_alloc,copin,txn-global,48,batch,2,33.1735,463364,OK,e0c403a2512e-18809ea8
churn_alloc,copin,txn-global,48,pf_batch,2,33.1468,452092,OK,e0c403a2512e-18809ea8
churn_alloc,copin,txn-global,48,pf_batch_rseq,3,33.2691,455280,OK,e0c403a2512e-18809ea8
churn_alloc,copin,txn-global,48,batch,3,33.3355,458196,OK,e0c403a2512e-18809ea8
churn_alloc,copin,txn-global,48,pf_batch,3,33.162,449028,OK,e0c403a2512e-18809ea8
churn_alloc,copin,txn-global,48,batch_rseq,3,33.1956,437364,OK,e0c403a2512e-18809ea8
churn_alloc,copin,txn-global,48,batch,4,33.2299,443512,OK,e0c403a2512e-18809ea8
churn_alloc,copin,txn-global,48,pf_batch,4,33.2504,441396,OK,e0c403a2512e-18809ea8
churn_alloc,copin,txn-global,48,batch_rseq,4,33.1471,446112,OK,e0c403a2512e-18809ea8
churn_alloc,copin,txn-global,48,pf_batch_rseq,4,33.2281,490892,OK,e0c403a2512e-18809ea8
churn_alloc,copin,txn-global,48,pf_batch,5,33.0687,451928,OK,e0c403a2512e-18809ea8
churn_alloc,copin,txn-global,48,batch_rseq,5,33.1695,450324,OK,e0c403a2512e-18809ea8
churn_alloc,copin,txn-global,48,pf_batch_rseq,5,33.232,444460,OK,e0c403a2512e-18809ea8
churn_alloc,copin,txn-global,48,batch,5,33.3093,438356,OK,e0c403a2512e-18809ea8
churn_alloc,copin,txn-global,48,batch_rseq,6,33.1601,457628,OK,e0c403a2512e-18809ea8
churn_alloc,copin,txn-global,48,pf_batch_rseq,6,33.1903,467024,OK,e0c403a2512e-18809ea8
churn_alloc,copin,txn-global,48,batch,6,33.2662,444488,OK,e0c403a2512e-18809ea8
churn_alloc,copin,txn-global,48,pf_batch,6,33.151,462872,OK,e0c403a2512e-18809ea8
churn_alloc,copin,txn-global,48,pf_batch_rseq,7,33.1416,450640,OK,e0c403a2512e-18809ea8
churn_alloc,copin,txn-global,48,batch,7,33.3197,458732,OK,e0c403a2512e-18809ea8
churn_alloc,copin,txn-global,48,pf_batch,7,33.1168,445704,OK,e0c403a2512e-18809ea8
churn_alloc,copin,txn-global,48,batch_rseq,7,33.1207,436876,OK,e0c403a2512e-18809ea8
churn_alloc,copin,txn-mark,48,pf_batch,1,31.7765,485932,OK,e0c403a2512e-18809ea8
churn_alloc,copin,txn-mark,48,batch_rseq,1,32.4052,493656,OK,e0c403a2512e-18809ea8
churn_alloc,copin,txn-mark,48,pf_batch_rseq,1,32.4546,499748,OK,e0c403a2512e-18809ea8
churn_alloc,copin,txn-mark,48,batch,1,32.8246,490596,OK,e0c403a2512e-18809ea8
churn_alloc,copin,txn-mark,48,batch_rseq,2,32.3302,515188,OK,e0c403a2512e-18809ea8
churn_alloc,copin,txn-mark,48,pf_batch_rseq,2,32.432,493592,OK,e0c403a2512e-18809ea8
churn_alloc,copin,txn-mark,48,batch,2,32.9716,496732,OK,e0c403a2512e-18809ea8
churn_alloc,copin,txn-mark,48,pf_batch,2,31.8826,479276,OK,e0c403a2512e-18809ea8
churn_alloc,copin,txn-mark,48,pf_batch_rseq,3,32.5534,484424,OK,e0c403a2512e-18809ea8
churn_alloc,copin,txn-mark,48,batch,3,32.9972,489588,OK,e0c403a2512e-18809ea8
churn_alloc,copin,txn-mark,48,pf_batch,3,31.9283,469044,OK,e0c403a2512e-18809ea8
churn_alloc,copin,txn-mark,48,batch_rseq,3,32.475,478280,OK,e0c403a2512e-18809ea8
churn_alloc,copin,txn-mark,48,batch,4,32.8719,545236,OK,e0c403a2512e-18809ea8
churn_alloc,copin,txn-mark,48,pf_batch,4,31.8152,487476,OK,e0c403a2512e-18809ea8
churn_alloc,copin,txn-mark,48,batch_rseq,4,32.4524,490588,OK,e0c403a2512e-18809ea8
churn_alloc,copin,txn-mark,48,pf_batch_rseq,4,32.5259,532264,OK,e0c403a2512e-18809ea8
churn_alloc,copin,txn-mark,48,pf_batch,5,31.7894,507892,OK,e0c403a2512e-18809ea8
churn_alloc,copin,txn-mark,48,batch_rseq,5,32.3939,518244,OK,e0c403a2512e-18809ea8
churn_alloc,copin,txn-mark,48,pf_batch_rseq,5,32.5482,556480,OK,e0c403a2512e-18809ea8
churn_alloc,copin,txn-mark,48,batch,5,32.8799,496712,OK,e0c403a2512e-18809ea8
churn_alloc,copin,txn-mark,48,batch_rseq,6,32.2923,512100,OK,e0c403a2512e-18809ea8
churn_alloc,copin,txn-mark,48,pf_batch_rseq,6,32.5111,484416,OK,e0c403a2512e-18809ea8
churn_alloc,copin,txn-mark,48,batch,6,32.882,505948,OK,e0c403a2512e-18809ea8
churn_alloc,copin,txn-mark,48,pf_batch,6,31.7933,478272,OK,e0c403a2512e-18809ea8
churn_alloc,copin,txn-mark,48,pf_batch_rseq,7,32.4848,619512,OK,e0c403a2512e-18809ea8
churn_alloc,copin,txn-mark,48,batch,7,33.0293,508060,OK,e0c403a2512e-18809ea8
churn_alloc,copin,txn-mark,48,pf_batch,7,31.7959,483260,OK,e0c403a2512e-18809ea8
churn_alloc,copin,txn-mark,48,batch_rseq,7,32.3151,490584,OK,e0c403a2512e-18809ea8
churn_alloc,copin,bucketlock,48,pf_batch,1,29.5945,216956,OK,e0c403a2512e-18809ea8
churn_alloc,copin,bucketlock,48,batch_rseq,1,29.4776,220892,OK,e0c403a2512e-18809ea8
churn_alloc,copin,bucketlock,48,pf_batch_rseq,1,29.3113,217376,OK,e0c403a2512e-18809ea8
churn_alloc,copin,bucketlock,48,batch,1,29.5451,216784,OK,e0c403a2512e-18809ea8
churn_alloc,copin,bucketlock,48,batch_rseq,2,29.4305,216800,OK,e0c403a2512e-18809ea8
churn_alloc,copin,bucketlock,48,pf_batch_rseq,2,29.2855,216988,OK,e0c403a2512e-18809ea8
churn_alloc,copin,bucketlock,48,batch,2,29.6054,216816,OK,e0c403a2512e-18809ea8
churn_alloc,copin,bucketlock,48,pf_batch,2,29.5666,221108,OK,e0c403a2512e-18809ea8
churn_alloc,copin,bucketlock,48,pf_batch_rseq,3,29.3539,216976,OK,e0c403a2512e-18809ea8
churn_alloc,copin,bucketlock,48,batch,3,29.6283,216824,OK,e0c403a2512e-18809ea8
churn_alloc,copin,bucketlock,48,pf_batch,3,29.5918,216968,OK,e0c403a2512e-18809ea8
churn_alloc,copin,bucketlock,48,batch_rseq,3,29.5326,216800,OK,e0c403a2512e-18809ea8
churn_alloc,copin,bucketlock,48,batch,4,29.5957,216784,OK,e0c403a2512e-18809ea8
churn_alloc,copin,bucketlock,48,pf_batch,4,29.5332,217004,OK,e0c403a2512e-18809ea8
churn_alloc,copin,bucketlock,48,batch_rseq,4,29.6924,216808,OK,e0c403a2512e-18809ea8
churn_alloc,copin,bucketlock,48,pf_batch_rseq,4,29.3128,223548,OK,e0c403a2512e-18809ea8
churn_alloc,copin,bucketlock,48,pf_batch,5,29.5604,216984,OK,e0c403a2512e-18809ea8
churn_alloc,copin,bucketlock,48,batch_rseq,5,29.5166,212660,OK,e0c403a2512e-18809ea8
churn_alloc,copin,bucketlock,48,pf_batch_rseq,5,29.2919,216944,OK,e0c403a2512e-18809ea8
churn_alloc,copin,bucketlock,48,batch,5,29.5693,216792,OK,e0c403a2512e-18809ea8
churn_alloc,copin,bucketlock,48,batch_rseq,6,29.5112,216780,OK,e0c403a2512e-18809ea8
churn_alloc,copin,bucketlock,48,pf_batch_rseq,6,29.3595,216956,OK,e0c403a2512e-18809ea8
churn_alloc,copin,bucketlock,48,batch,6,29.5753,216812,OK,e0c403a2512e-18809ea8
churn_alloc,copin,bucketlock,48,pf_batch,6,29.5662,223128,OK,e0c403a2512e-18809ea8
churn_alloc,copin,bucketlock,48,pf_batch_rseq,7,29.5715,216996,OK,e0c403a2512e-18809ea8
churn_alloc,copin,bucketlock,48,batch,7,29.6115,216808,OK,e0c403a2512e-18809ea8
churn_alloc,copin,bucketlock,48,pf_batch,7,29.5396,216964,OK,e0c403a2512e-18809ea8
churn_alloc,copin,bucketlock,48,batch_rseq,7,29.5778,216764,OK,e0c403a2512e-18809ea8
churn_alloc,shared,txn-global,4,pf_batch,1,7.53297,1667896,OK,e0c403a2512e-18809ea8
churn_alloc,shared,txn-global,4,batch_rseq,1,7.56136,1854316,OK,e0c403a2512e-18809ea8
churn_alloc,shared,txn-global,4,pf_batch_rseq,1,8.92539,354268,OK,e0c403a2512e-18809ea8
churn_alloc,shared,txn-global,4,batch,1,8.9968,136556,OK,e0c403a2512e-18809ea8
churn_alloc,shared,txn-global,4,batch_rseq,2,8.873,405860,OK,e0c403a2512e-18809ea8
churn_alloc,shared,txn-global,4,pf_batch_rseq,2,8.90416,379736,OK,e0c403a2512e-18809ea8
churn_alloc,shared,txn-global,4,batch,2,8.46139,379484,OK,e0c403a2512e-18809ea8
churn_alloc,shared,txn-global,4,pf_batch,2,8.61608,352344,OK,e0c403a2512e-18809ea8
churn_alloc,shared,txn-global,4,pf_batch_rseq,3,8.84305,417420,OK,e0c403a2512e-18809ea8
churn_alloc,shared,txn-global,4,batch,3,8.51607,377064,OK,e0c403a2512e-18809ea8
churn_alloc,shared,txn-global,4,pf_batch,3,8.64056,344256,OK,e0c403a2512e-18809ea8
churn_alloc,shared,txn-global,4,batch_rseq,3,7.52563,1836812,OK,e0c403a2512e-18809ea8
churn_alloc,shared,txn-global,4,batch,4,7.41067,1499872,OK,e0c403a2512e-18809ea8
churn_alloc,shared,txn-global,4,pf_batch,4,7.59944,1569632,OK,e0c403a2512e-18809ea8
churn_alloc,shared,txn-global,4,batch_rseq,4,7.60647,1800384,OK,e0c403a2512e-18809ea8
churn_alloc,shared,txn-global,4,pf_batch_rseq,4,7.66067,1721188,OK,e0c403a2512e-18809ea8
churn_alloc,shared,txn-global,4,pf_batch,5,7.48943,1738152,OK,e0c403a2512e-18809ea8
churn_alloc,shared,txn-global,4,batch_rseq,5,7.58771,1707004,OK,e0c403a2512e-18809ea8
churn_alloc,shared,txn-global,4,pf_batch_rseq,5,11.7099,36212,OK,e0c403a2512e-18809ea8
churn_alloc,shared,txn-global,4,batch,5,8.83682,195588,OK,e0c403a2512e-18809ea8
churn_alloc,shared,txn-global,4,batch_rseq,6,11.4822,36252,OK,e0c403a2512e-18809ea8
churn_alloc,shared,txn-global,4,pf_batch_rseq,6,8.91809,379860,OK,e0c403a2512e-18809ea8
churn_alloc,shared,txn-global,4,batch,6,8.98908,101168,OK,e0c403a2512e-18809ea8
churn_alloc,shared,txn-global,4,pf_batch,6,8.9523,110312,OK,e0c403a2512e-18809ea8
churn_alloc,shared,txn-global,4,pf_batch_rseq,7,8.86663,417840,OK,e0c403a2512e-18809ea8
churn_alloc,shared,txn-global,4,batch,7,8.92508,142892,OK,e0c403a2512e-18809ea8
churn_alloc,shared,txn-global,4,pf_batch,7,8.81009,264696,OK,e0c403a2512e-18809ea8
churn_alloc,shared,txn-global,4,batch_rseq,7,11.6425,36240,OK,e0c403a2512e-18809ea8
churn_alloc,shared,txn-mark,4,pf_batch,1,7.01787,1347000,OK,e0c403a2512e-18809ea8
churn_alloc,shared,txn-mark,4,batch_rseq,1,7.19434,1689320,OK,e0c403a2512e-18809ea8
churn_alloc,shared,txn-mark,4,pf_batch_rseq,1,7.36741,1652020,OK,e0c403a2512e-18809ea8
churn_alloc,shared,txn-mark,4,batch,1,6.92407,1410432,OK,e0c403a2512e-18809ea8
churn_alloc,shared,txn-mark,4,batch_rseq,2,7.25535,1585800,OK,e0c403a2512e-18809ea8
churn_alloc,shared,txn-mark,4,pf_batch_rseq,2,7.29226,1677260,OK,e0c403a2512e-18809ea8
churn_alloc,shared,txn-mark,4,batch,2,7.07305,1469788,OK,e0c403a2512e-18809ea8
churn_alloc,shared,txn-mark,4,pf_batch,2,7.05208,1411076,OK,e0c403a2512e-18809ea8
churn_alloc,shared,txn-mark,4,pf_batch_rseq,3,7.27894,1731988,OK,e0c403a2512e-18809ea8
churn_alloc,shared,txn-mark,4,batch,3,7.08014,1349976,OK,e0c403a2512e-18809ea8
churn_alloc,shared,txn-mark,4,pf_batch,3,8.2754,266600,OK,e0c403a2512e-18809ea8
churn_alloc,shared,txn-mark,4,batch_rseq,3,8.59085,213856,OK,e0c403a2512e-18809ea8
churn_alloc,shared,txn-mark,4,batch,4,8.29296,284108,OK,e0c403a2512e-18809ea8
churn_alloc,shared,txn-mark,4,pf_batch,4,8.26171,264484,OK,e0c403a2512e-18809ea8
churn_alloc,shared,txn-mark,4,batch_rseq,4,8.68566,229628,OK,e0c403a2512e-18809ea8
churn_alloc,shared,txn-mark,4,pf_batch_rseq,4,8.62267,226844,OK,e0c403a2512e-18809ea8
churn_alloc,shared,txn-mark,4,pf_batch,5,7.02522,1351516,OK,e0c403a2512e-18809ea8
churn_alloc,shared,txn-mark,4,batch_rseq,5,8.62181,194384,OK,e0c403a2512e-18809ea8
churn_alloc,shared,txn-mark,4,pf_batch_rseq,5,11.0947,36252,OK,e0c403a2512e-18809ea8
churn_alloc,shared,txn-mark,4,batch,5,8.63821,73104,OK,e0c403a2512e-18809ea8
churn_alloc,shared,txn-mark,4,batch_rseq,6,8.33767,376868,OK,e0c403a2512e-18809ea8
churn_alloc,shared,txn-mark,4,pf_batch_rseq,6,7.21868,1671236,OK,e0c403a2512e-18809ea8
churn_alloc,shared,txn-mark,4,batch,6,6.94619,1453256,OK,e0c403a2512e-18809ea8
churn_alloc,shared,txn-mark,4,pf_batch,6,6.9892,1477544,OK,e0c403a2512e-18809ea8
churn_alloc,shared,txn-mark,4,pf_batch_rseq,7,7.1596,1651008,OK,e0c403a2512e-18809ea8
churn_alloc,shared,txn-mark,4,batch,7,6.91725,1403568,OK,e0c403a2512e-18809ea8
churn_alloc,shared,txn-mark,4,pf_batch,7,6.91694,1480244,OK,e0c403a2512e-18809ea8
churn_alloc,shared,txn-mark,4,batch_rseq,7,7.24846,1596448,OK,e0c403a2512e-18809ea8
churn_alloc,shared,bucketlock,4,pf_batch,1,11.3285,36204,OK,e0c403a2512e-18809ea8
churn_alloc,shared,bucketlock,4,batch_rseq,1,11.3287,36232,OK,e0c403a2512e-18809ea8
churn_alloc,shared,bucketlock,4,pf_batch_rseq,1,11.2579,36184,OK,e0c403a2512e-18809ea8
churn_alloc,shared,bucketlock,4,batch,1,11.2302,36172,OK,e0c403a2512e-18809ea8
churn_alloc,shared,bucketlock,4,batch_rseq,2,11.3341,36188,OK,e0c403a2512e-18809ea8
churn_alloc,shared,bucketlock,4,pf_batch_rseq,2,11.3167,36224,OK,e0c403a2512e-18809ea8
churn_alloc,shared,bucketlock,4,batch,2,11.2361,36192,OK,e0c403a2512e-18809ea8
churn_alloc,shared,bucketlock,4,pf_batch,2,11.1766,36228,OK,e0c403a2512e-18809ea8
churn_alloc,shared,bucketlock,4,pf_batch_rseq,3,11.3006,36188,OK,e0c403a2512e-18809ea8
churn_alloc,shared,bucketlock,4,batch,3,11.2387,36200,OK,e0c403a2512e-18809ea8
churn_alloc,shared,bucketlock,4,pf_batch,3,11.2461,36188,OK,e0c403a2512e-18809ea8
churn_alloc,shared,bucketlock,4,batch_rseq,3,11.3213,36184,OK,e0c403a2512e-18809ea8
churn_alloc,shared,bucketlock,4,batch,4,11.3373,36228,OK,e0c403a2512e-18809ea8
churn_alloc,shared,bucketlock,4,pf_batch,4,11.3487,36212,OK,e0c403a2512e-18809ea8
churn_alloc,shared,bucketlock,4,batch_rseq,4,11.3304,36236,OK,e0c403a2512e-18809ea8
churn_alloc,shared,bucketlock,4,pf_batch_rseq,4,11.3131,36204,OK,e0c403a2512e-18809ea8
churn_alloc,shared,bucketlock,4,pf_batch,5,11.3472,36176,OK,e0c403a2512e-18809ea8
churn_alloc,shared,bucketlock,4,batch_rseq,5,11.3353,36212,OK,e0c403a2512e-18809ea8
churn_alloc,shared,bucketlock,4,pf_batch_rseq,5,11.2782,36208,OK,e0c403a2512e-18809ea8
churn_alloc,shared,bucketlock,4,batch,5,11.2409,36208,OK,e0c403a2512e-18809ea8
churn_alloc,shared,bucketlock,4,batch_rseq,6,11.4193,36216,OK,e0c403a2512e-18809ea8
churn_alloc,shared,bucketlock,4,pf_batch_rseq,6,11.2907,36208,OK,e0c403a2512e-18809ea8
churn_alloc,shared,bucketlock,4,batch,6,11.1156,36200,OK,e0c403a2512e-18809ea8
churn_alloc,shared,bucketlock,4,pf_batch,6,11.2987,36220,OK,e0c403a2512e-18809ea8
churn_alloc,shared,bucketlock,4,pf_batch_rseq,7,11.2247,36208,OK,e0c403a2512e-18809ea8
churn_alloc,shared,bucketlock,4,batch,7,11.2082,36172,OK,e0c403a2512e-18809ea8
churn_alloc,shared,bucketlock,4,pf_batch,7,11.1994,36220,OK,e0c403a2512e-18809ea8
churn_alloc,shared,bucketlock,4,batch_rseq,7,11.3455,36204,OK,e0c403a2512e-18809ea8
churn_alloc,shared,txn-global,48,pf_batch,1,22.0616,8274204,OK,e0c403a2512e-18809ea8
churn_alloc,shared,txn-global,48,batch_rseq,1,22.2747,8285896,OK,e0c403a2512e-18809ea8
churn_alloc,shared,txn-global,48,pf_batch_rseq,1,22.4618,8244860,OK,e0c403a2512e-18809ea8
churn_alloc,shared,txn-global,48,batch,1,20.313,8801728,OK,e0c403a2512e-18809ea8
churn_alloc,shared,txn-global,48,batch_rseq,2,19.9194,8980020,OK,e0c403a2512e-18809ea8
churn_alloc,shared,txn-global,48,pf_batch_rseq,2,20.3168,8838344,OK,e0c403a2512e-18809ea8
churn_alloc,shared,txn-global,48,batch,2,20.4667,8846580,OK,e0c403a2512e-18809ea8
churn_alloc,shared,txn-global,48,pf_batch,2,20.3661,8784772,OK,e0c403a2512e-18809ea8
churn_alloc,shared,txn-global,48,pf_batch_rseq,3,20.2172,8817164,OK,e0c403a2512e-18809ea8
churn_alloc,shared,txn-global,48,batch,3,22.3508,8324544,OK,e0c403a2512e-18809ea8
churn_alloc,shared,txn-global,48,pf_batch,3,22.031,8324272,OK,e0c403a2512e-18809ea8
churn_alloc,shared,txn-global,48,batch_rseq,3,22.2254,8276736,OK,e0c403a2512e-18809ea8
churn_alloc,shared,txn-global,48,batch,4,19.3186,9047140,OK,e0c403a2512e-18809ea8
churn_alloc,shared,txn-global,48,pf_batch,4,19.4952,9097184,OK,e0c403a2512e-18809ea8
churn_alloc,shared,txn-global,48,batch_rseq,4,19.2893,9084108,OK,e0c403a2512e-18809ea8
churn_alloc,shared,txn-global,48,pf_batch_rseq,4,19.3848,9083144,OK,e0c403a2512e-18809ea8
churn_alloc,shared,txn-global,48,pf_batch,5,20.4302,8847636,OK,e0c403a2512e-18809ea8
churn_alloc,shared,txn-global,48,batch_rseq,5,20.7237,8546092,OK,e0c403a2512e-18809ea8
churn_alloc,shared,txn-global,48,pf_batch_rseq,5,20.2025,8812664,OK,e0c403a2512e-18809ea8
churn_alloc,shared,txn-global,48,batch,5,20.4259,8854032,OK,e0c403a2512e-18809ea8
churn_alloc,shared,txn-global,48,batch_rseq,6,20.265,8792676,OK,e0c403a2512e-18809ea8
churn_alloc,shared,txn-global,48,pf_batch_rseq,6,19.2566,9038924,OK,e0c403a2512e-18809ea8
churn_alloc,shared,txn-global,48,batch,6,19.3881,9018656,OK,e0c403a2512e-18809ea8
churn_alloc,shared,txn-global,48,pf_batch,6,19.4356,9118216,OK,e0c403a2512e-18809ea8
churn_alloc,shared,txn-global,48,pf_batch_rseq,7,19.3599,9083124,OK,e0c403a2512e-18809ea8
churn_alloc,shared,txn-global,48,batch,7,19.104,9049892,OK,e0c403a2512e-18809ea8
churn_alloc,shared,txn-global,48,pf_batch,7,22.2143,8290564,OK,e0c403a2512e-18809ea8
churn_alloc,shared,txn-global,48,batch_rseq,7,22.5626,8251564,OK,e0c403a2512e-18809ea8
churn_alloc,shared,txn-mark,48,pf_batch,1,20.7247,8299704,OK,e0c403a2512e-18809ea8
churn_alloc,shared,txn-mark,48,batch_rseq,1,20.5289,8349496,OK,e0c403a2512e-18809ea8
churn_alloc,shared,txn-mark,48,pf_batch_rseq,1,20.9596,8396940,OK,e0c403a2512e-18809ea8
churn_alloc,shared,txn-mark,48,batch,1,18.2129,8924372,OK,e0c403a2512e-18809ea8
churn_alloc,shared,txn-mark,48,batch_rseq,2,18.4681,8957240,OK,e0c403a2512e-18809ea8
churn_alloc,shared,txn-mark,48,pf_batch_rseq,2,17.7049,9191452,OK,e0c403a2512e-18809ea8
churn_alloc,shared,txn-mark,48,batch,2,18.8471,8871876,OK,e0c403a2512e-18809ea8
churn_alloc,shared,txn-mark,48,pf_batch,2,18.669,8852052,OK,e0c403a2512e-18809ea8
churn_alloc,shared,txn-mark,48,pf_batch_rseq,3,18.651,8898188,OK,e0c403a2512e-18809ea8
churn_alloc,shared,txn-mark,48,batch,3,17.7833,9157556,OK,e0c403a2512e-18809ea8
churn_alloc,shared,txn-mark,48,pf_batch,3,17.6635,9084844,OK,e0c403a2512e-18809ea8
churn_alloc,shared,txn-mark,48,batch_rseq,3,17.8014,9150616,OK,e0c403a2512e-18809ea8
churn_alloc,shared,txn-mark,48,batch,4,18.8624,8874556,OK,e0c403a2512e-18809ea8
churn_alloc,shared,txn-mark,48,pf_batch,4,17.6874,9158696,OK,e0c403a2512e-18809ea8
churn_alloc,shared,txn-mark,48,batch_rseq,4,17.7309,9200752,OK,e0c403a2512e-18809ea8
churn_alloc,shared,txn-mark,48,pf_batch_rseq,4,17.658,9181024,OK,e0c403a2512e-18809ea8
churn_alloc,shared,txn-mark,48,pf_batch,5,18.571,8817156,OK,e0c403a2512e-18809ea8
churn_alloc,shared,txn-mark,48,batch_rseq,5,17.7686,9134888,OK,e0c403a2512e-18809ea8
churn_alloc,shared,txn-mark,48,pf_batch_rseq,5,18.8756,8930368,OK,e0c403a2512e-18809ea8
churn_alloc,shared,txn-mark,48,batch,5,17.6495,9108052,OK,e0c403a2512e-18809ea8
churn_alloc,shared,txn-mark,48,batch_rseq,6,17.7568,9196180,OK,e0c403a2512e-18809ea8
churn_alloc,shared,txn-mark,48,pf_batch_rseq,6,17.7806,9233908,OK,e0c403a2512e-18809ea8
churn_alloc,shared,txn-mark,48,batch,6,20.8172,8317140,OK,e0c403a2512e-18809ea8
churn_alloc,shared,txn-mark,48,pf_batch,6,20.6713,8321460,OK,e0c403a2512e-18809ea8
churn_alloc,shared,txn-mark,48,pf_batch_rseq,7,20.8472,8329356,OK,e0c403a2512e-18809ea8
churn_alloc,shared,txn-mark,48,batch,7,18.35,8861972,OK,e0c403a2512e-18809ea8
churn_alloc,shared,txn-mark,48,pf_batch,7,20.6758,8285828,OK,e0c403a2512e-18809ea8
churn_alloc,shared,txn-mark,48,batch_rseq,7,20.7688,8328340,OK,e0c403a2512e-18809ea8
churn_alloc,shared,bucketlock,48,pf_batch,1,24.4775,2909804,OK,e0c403a2512e-18809ea8
churn_alloc,shared,bucketlock,48,batch_rseq,1,24.1008,2866900,OK,e0c403a2512e-18809ea8
churn_alloc,shared,bucketlock,48,pf_batch_rseq,1,24.4622,2922204,OK,e0c403a2512e-18809ea8
churn_alloc,shared,bucketlock,48,batch,1,24.0693,2825828,OK,e0c403a2512e-18809ea8
churn_alloc,shared,bucketlock,48,batch_rseq,2,24.4319,2897624,OK,e0c403a2512e-18809ea8
churn_alloc,shared,bucketlock,48,pf_batch_rseq,2,24.482,2903788,OK,e0c403a2512e-18809ea8
churn_alloc,shared,bucketlock,48,batch,2,24.0744,2858528,OK,e0c403a2512e-18809ea8
churn_alloc,shared,bucketlock,48,pf_batch,2,24.4605,2907732,OK,e0c403a2512e-18809ea8
churn_alloc,shared,bucketlock,48,pf_batch_rseq,3,24.4623,2911984,OK,e0c403a2512e-18809ea8
churn_alloc,shared,bucketlock,48,batch,3,24.4059,2924120,OK,e0c403a2512e-18809ea8
churn_alloc,shared,bucketlock,48,pf_batch,3,24.4854,2909804,OK,e0c403a2512e-18809ea8
churn_alloc,shared,bucketlock,48,batch_rseq,3,24.1495,2846428,OK,e0c403a2512e-18809ea8
churn_alloc,shared,bucketlock,48,batch,4,24.4724,2903648,OK,e0c403a2512e-18809ea8
churn_alloc,shared,bucketlock,48,pf_batch,4,24.2166,2854536,OK,e0c403a2512e-18809ea8
churn_alloc,shared,bucketlock,48,batch_rseq,4,24.1493,2854632,OK,e0c403a2512e-18809ea8
churn_alloc,shared,bucketlock,48,pf_batch_rseq,4,24.5081,2916092,OK,e0c403a2512e-18809ea8
churn_alloc,shared,bucketlock,48,pf_batch,5,24.107,2872896,OK,e0c403a2512e-18809ea8
churn_alloc,shared,bucketlock,48,batch_rseq,5,24.4143,2926236,OK,e0c403a2512e-18809ea8
churn_alloc,shared,bucketlock,48,pf_batch_rseq,5,24.4775,2897620,OK,e0c403a2512e-18809ea8
churn_alloc,shared,bucketlock,48,batch,5,24.4169,2899496,OK,e0c403a2512e-18809ea8
churn_alloc,shared,bucketlock,48,batch_rseq,6,24.4371,2903752,OK,e0c403a2512e-18809ea8
churn_alloc,shared,bucketlock,48,pf_batch_rseq,6,24.1616,2856688,OK,e0c403a2512e-18809ea8
churn_alloc,shared,bucketlock,48,batch,6,24.4649,2915924,OK,e0c403a2512e-18809ea8
churn_alloc,shared,bucketlock,48,pf_batch,6,24.1692,2852432,OK,e0c403a2512e-18809ea8
churn_alloc,shared,bucketlock,48,pf_batch_rseq,7,24.5019,2930436,OK,e0c403a2512e-18809ea8
churn_alloc,shared,bucketlock,48,batch,7,24.4217,2899548,OK,e0c403a2512e-18809ea8
churn_alloc,shared,bucketlock,48,pf_batch,7,24.4612,2930276,OK,e0c403a2512e-18809ea8
churn_alloc,shared,bucketlock,48,batch_rseq,7,24.1295,2844364,OK,e0c403a2512e-18809ea8
churn_inpl,copin,txn-global,48,pf_batch,1,496.07,217192,OK,e0c403a2512e-18809ea8
churn_inpl,copin,txn-global,48,batch_rseq,1,497.294,217184,OK,e0c403a2512e-18809ea8
churn_inpl,copin,txn-global,48,pf_batch_rseq,1,495.59,217188,OK,e0c403a2512e-18809ea8
churn_inpl,copin,txn-global,48,batch,1,496.104,217192,OK,e0c403a2512e-18809ea8
churn_inpl,copin,txn-global,48,batch_rseq,2,494.72,217180,OK,e0c403a2512e-18809ea8
churn_inpl,copin,txn-global,48,pf_batch_rseq,2,493.106,217188,OK,e0c403a2512e-18809ea8
churn_inpl,copin,txn-global,48,batch,2,498.557,217172,OK,e0c403a2512e-18809ea8
churn_inpl,copin,txn-global,48,pf_batch,2,497.329,217180,OK,e0c403a2512e-18809ea8
churn_inpl,copin,txn-global,48,pf_batch_rseq,3,494.174,217188,OK,e0c403a2512e-18809ea8
churn_inpl,copin,txn-global,48,batch,3,501.132,217168,OK,e0c403a2512e-18809ea8
churn_inpl,copin,txn-global,48,pf_batch,3,501.521,217212,OK,e0c403a2512e-18809ea8
churn_inpl,copin,txn-global,48,batch_rseq,3,495.686,217196,OK,e0c403a2512e-18809ea8
churn_inpl,copin,txn-global,48,batch,4,496.008,217216,OK,e0c403a2512e-18809ea8
churn_inpl,copin,txn-global,48,pf_batch,4,495.902,217208,OK,e0c403a2512e-18809ea8
churn_inpl,copin,txn-global,48,batch_rseq,4,503.158,217200,OK,e0c403a2512e-18809ea8
churn_inpl,copin,txn-global,48,pf_batch_rseq,4,495.551,217168,OK,e0c403a2512e-18809ea8
churn_inpl,copin,txn-global,48,pf_batch,5,495.747,217160,OK,e0c403a2512e-18809ea8
churn_inpl,copin,txn-global,48,batch_rseq,5,499.371,217184,OK,e0c403a2512e-18809ea8
churn_inpl,copin,txn-global,48,pf_batch_rseq,5,504.09,217216,OK,e0c403a2512e-18809ea8
churn_inpl,copin,txn-global,48,batch,5,500.51,217184,OK,e0c403a2512e-18809ea8
churn_inpl,copin,txn-global,48,batch_rseq,6,498.249,217204,OK,e0c403a2512e-18809ea8
churn_inpl,copin,txn-global,48,pf_batch_rseq,6,496.203,217160,OK,e0c403a2512e-18809ea8
churn_inpl,copin,txn-global,48,batch,6,496.489,217200,OK,e0c403a2512e-18809ea8
churn_inpl,copin,txn-global,48,pf_batch,6,499.611,213056,OK,e0c403a2512e-18809ea8
churn_inpl,copin,txn-global,48,pf_batch_rseq,7,499.095,217188,OK,e0c403a2512e-18809ea8
churn_inpl,copin,txn-global,48,batch,7,497.905,217196,OK,e0c403a2512e-18809ea8
churn_inpl,copin,txn-global,48,pf_batch,7,497.621,217192,OK,e0c403a2512e-18809ea8
churn_inpl,copin,txn-global,48,batch_rseq,7,496.85,217180,OK,e0c403a2512e-18809ea8
churn_inpl,copin,txn-mark,48,pf_batch,1,369.345,217184,OK,e0c403a2512e-18809ea8
churn_inpl,copin,txn-mark,48,batch_rseq,1,388.697,217180,OK,e0c403a2512e-18809ea8
churn_inpl,copin,txn-mark,48,pf_batch_rseq,1,391.163,217180,OK,e0c403a2512e-18809ea8
churn_inpl,copin,txn-mark,48,batch,1,372.839,217184,OK,e0c403a2512e-18809ea8
churn_inpl,copin,txn-mark,48,batch_rseq,2,387.246,217176,OK,e0c403a2512e-18809ea8
churn_inpl,copin,txn-mark,48,pf_batch_rseq,2,390.98,217196,OK,e0c403a2512e-18809ea8
churn_inpl,copin,txn-mark,48,batch,2,371.254,216632,OK,e0c403a2512e-18809ea8
churn_inpl,copin,txn-mark,48,pf_batch,2,367.693,217176,OK,e0c403a2512e-18809ea8
churn_inpl,copin,txn-mark,48,pf_batch_rseq,3,389.918,217172,OK,e0c403a2512e-18809ea8
churn_inpl,copin,txn-mark,48,batch,3,373.633,217176,OK,e0c403a2512e-18809ea8
churn_inpl,copin,txn-mark,48,pf_batch,3,366.589,217156,OK,e0c403a2512e-18809ea8
churn_inpl,copin,txn-mark,48,batch_rseq,3,388.868,217180,OK,e0c403a2512e-18809ea8
churn_inpl,copin,txn-mark,48,batch,4,372.275,217188,OK,e0c403a2512e-18809ea8
churn_inpl,copin,txn-mark,48,pf_batch,4,341.208,217180,OK,e0c403a2512e-18809ea8
churn_inpl,copin,txn-mark,48,batch_rseq,4,389.506,217176,OK,e0c403a2512e-18809ea8
churn_inpl,copin,txn-mark,48,pf_batch_rseq,4,391.051,217180,OK,e0c403a2512e-18809ea8
churn_inpl,copin,txn-mark,48,pf_batch,5,365.067,217192,OK,e0c403a2512e-18809ea8
churn_inpl,copin,txn-mark,48,batch_rseq,5,390.026,216604,OK,e0c403a2512e-18809ea8
churn_inpl,copin,txn-mark,48,pf_batch_rseq,5,390.168,216440,OK,e0c403a2512e-18809ea8
churn_inpl,copin,txn-mark,48,batch,5,372.8,216620,OK,e0c403a2512e-18809ea8
churn_inpl,copin,txn-mark,48,batch_rseq,6,389.336,217160,OK,e0c403a2512e-18809ea8
churn_inpl,copin,txn-mark,48,pf_batch_rseq,6,390.624,217204,OK,e0c403a2512e-18809ea8
churn_inpl,copin,txn-mark,48,batch,6,349.173,217208,OK,e0c403a2512e-18809ea8
churn_inpl,copin,txn-mark,48,pf_batch,6,370.333,217196,OK,e0c403a2512e-18809ea8
churn_inpl,copin,txn-mark,48,pf_batch_rseq,7,389.32,217160,OK,e0c403a2512e-18809ea8
churn_inpl,copin,txn-mark,48,batch,7,372.79,217172,OK,e0c403a2512e-18809ea8
churn_inpl,copin,txn-mark,48,pf_batch,7,367.936,217184,OK,e0c403a2512e-18809ea8
churn_inpl,copin,txn-mark,48,batch_rseq,7,388.325,217164,OK,e0c403a2512e-18809ea8
churn_inpl,copin,bucketlock,48,pf_batch,1,463.986,217060,OK,e0c403a2512e-18809ea8
churn_inpl,copin,bucketlock,48,batch_rseq,1,456.394,216704,OK,e0c403a2512e-18809ea8
churn_inpl,copin,bucketlock,48,pf_batch_rseq,1,450.631,217048,OK,e0c403a2512e-18809ea8
churn_inpl,copin,bucketlock,48,batch,1,455.69,216732,OK,e0c403a2512e-18809ea8
churn_inpl,copin,bucketlock,48,batch_rseq,2,462.396,216696,OK,e0c403a2512e-18809ea8
churn_inpl,copin,bucketlock,48,pf_batch_rseq,2,452.731,217040,OK,e0c403a2512e-18809ea8
churn_inpl,copin,bucketlock,48,batch,2,458.03,216748,OK,e0c403a2512e-18809ea8
churn_inpl,copin,bucketlock,48,pf_batch,2,456.04,217440,OK,e0c403a2512e-18809ea8
churn_inpl,copin,bucketlock,48,pf_batch_rseq,3,451.728,217460,OK,e0c403a2512e-18809ea8
churn_inpl,copin,bucketlock,48,batch,3,459.313,217372,OK,e0c403a2512e-18809ea8
churn_inpl,copin,bucketlock,48,pf_batch,3,455.941,217020,OK,e0c403a2512e-18809ea8
churn_inpl,copin,bucketlock,48,batch_rseq,3,456.275,216688,OK,e0c403a2512e-18809ea8
churn_inpl,copin,bucketlock,48,batch,4,456.831,216724,OK,e0c403a2512e-18809ea8
churn_inpl,copin,bucketlock,48,pf_batch,4,456.51,217044,OK,e0c403a2512e-18809ea8
churn_inpl,copin,bucketlock,48,batch_rseq,4,459.254,216700,OK,e0c403a2512e-18809ea8
churn_inpl,copin,bucketlock,48,pf_batch_rseq,4,453.387,217024,OK,e0c403a2512e-18809ea8
churn_inpl,copin,bucketlock,48,pf_batch,5,459.585,217040,OK,e0c403a2512e-18809ea8
churn_inpl,copin,bucketlock,48,batch_rseq,5,458.967,216716,OK,e0c403a2512e-18809ea8
churn_inpl,copin,bucketlock,48,pf_batch_rseq,5,451.975,217044,OK,e0c403a2512e-18809ea8
churn_inpl,copin,bucketlock,48,batch,5,457.673,213328,OK,e0c403a2512e-18809ea8
churn_inpl,copin,bucketlock,48,batch_rseq,6,463.877,216716,OK,e0c403a2512e-18809ea8
churn_inpl,copin,bucketlock,48,pf_batch_rseq,6,452.9,217044,OK,e0c403a2512e-18809ea8
churn_inpl,copin,bucketlock,48,batch,6,452.154,220840,OK,e0c403a2512e-18809ea8
churn_inpl,copin,bucketlock,48,pf_batch,6,460.952,217044,OK,e0c403a2512e-18809ea8
churn_inpl,copin,bucketlock,48,pf_batch_rseq,7,449.152,217072,OK,e0c403a2512e-18809ea8
churn_inpl,copin,bucketlock,48,batch,7,457.258,216716,OK,e0c403a2512e-18809ea8
churn_inpl,copin,bucketlock,48,pf_batch,7,463.394,217080,OK,e0c403a2512e-18809ea8
churn_inpl,copin,bucketlock,48,batch_rseq,7,457.011,216704,OK,e0c403a2512e-18809ea8
move_w,copin,txn-global,8,pf_batch,1,1.82932,424364,OK,e0c403a2512e-18809ea8
move_w,copin,txn-global,8,batch_rseq,1,1.79466,442536,OK,e0c403a2512e-18809ea8
move_w,copin,txn-global,8,pf_batch_rseq,1,1.90386,447672,OK,e0c403a2512e-18809ea8
move_w,copin,txn-global,8,batch,1,1.82453,438148,OK,e0c403a2512e-18809ea8
move_w,copin,txn-global,8,batch_rseq,2,1.81205,423128,OK,e0c403a2512e-18809ea8
move_w,copin,txn-global,8,pf_batch_rseq,2,1.88015,446784,OK,e0c403a2512e-18809ea8
move_w,copin,txn-global,8,batch,2,1.82688,437860,OK,e0c403a2512e-18809ea8
move_w,copin,txn-global,8,pf_batch,2,1.82775,430504,OK,e0c403a2512e-18809ea8
move_w,copin,txn-global,8,pf_batch_rseq,3,1.88245,445828,OK,e0c403a2512e-18809ea8
move_w,copin,txn-global,8,batch,3,1.84387,434584,OK,e0c403a2512e-18809ea8
move_w,copin,txn-global,8,pf_batch,3,1.84176,429376,OK,e0c403a2512e-18809ea8
move_w,copin,txn-global,8,batch_rseq,3,1.79714,405932,OK,e0c403a2512e-18809ea8
move_w,copin,txn-global,8,batch,4,1.83566,453428,OK,e0c403a2512e-18809ea8
move_w,copin,txn-global,8,pf_batch,4,1.84261,450396,OK,e0c403a2512e-18809ea8
move_w,copin,txn-global,8,batch_rseq,4,1.80215,414088,OK,e0c403a2512e-18809ea8
move_w,copin,txn-global,8,pf_batch_rseq,4,1.89345,452948,OK,e0c403a2512e-18809ea8
move_w,copin,txn-global,8,pf_batch,5,1.81611,439700,OK,e0c403a2512e-18809ea8
move_w,copin,txn-global,8,batch_rseq,5,1.79827,415864,OK,e0c403a2512e-18809ea8
move_w,copin,txn-global,8,pf_batch_rseq,5,1.89901,456596,OK,e0c403a2512e-18809ea8
move_w,copin,txn-global,8,batch,5,1.82282,443004,OK,e0c403a2512e-18809ea8
move_w,copin,txn-global,8,batch_rseq,6,1.80587,418396,OK,e0c403a2512e-18809ea8
move_w,copin,txn-global,8,pf_batch_rseq,6,1.88534,452912,OK,e0c403a2512e-18809ea8
move_w,copin,txn-global,8,batch,6,1.82464,438724,OK,e0c403a2512e-18809ea8
move_w,copin,txn-global,8,pf_batch,6,1.83469,445176,OK,e0c403a2512e-18809ea8
move_w,copin,txn-global,8,pf_batch_rseq,7,1.88997,448040,OK,e0c403a2512e-18809ea8
move_w,copin,txn-global,8,batch,7,1.83467,446564,OK,e0c403a2512e-18809ea8
move_w,copin,txn-global,8,pf_batch,7,1.84341,440040,OK,e0c403a2512e-18809ea8
move_w,copin,txn-global,8,batch_rseq,7,1.80455,425276,OK,e0c403a2512e-18809ea8
move_w,copin,txn-mark,8,pf_batch,1,10.9408,528344,OK,e0c403a2512e-18809ea8
move_w,copin,txn-mark,8,batch_rseq,1,11.0621,542836,OK,e0c403a2512e-18809ea8
move_w,copin,txn-mark,8,pf_batch_rseq,1,10.9378,556148,OK,e0c403a2512e-18809ea8
move_w,copin,txn-mark,8,batch,1,10.8655,530844,OK,e0c403a2512e-18809ea8
move_w,copin,txn-mark,8,batch_rseq,2,11.0692,535824,OK,e0c403a2512e-18809ea8
move_w,copin,txn-mark,8,pf_batch_rseq,2,11.1289,537180,OK,e0c403a2512e-18809ea8
move_w,copin,txn-mark,8,batch,2,10.6995,523068,OK,e0c403a2512e-18809ea8
move_w,copin,txn-mark,8,pf_batch,2,10.8893,532308,OK,e0c403a2512e-18809ea8
move_w,copin,txn-mark,8,pf_batch_rseq,3,11.099,539752,OK,e0c403a2512e-18809ea8
move_w,copin,txn-mark,8,batch,3,10.7922,520720,OK,e0c403a2512e-18809ea8
move_w,copin,txn-mark,8,pf_batch,3,11.0042,524172,OK,e0c403a2512e-18809ea8
move_w,copin,txn-mark,8,batch_rseq,3,11.139,533736,OK,e0c403a2512e-18809ea8
move_w,copin,txn-mark,8,batch,4,11.0105,530728,OK,e0c403a2512e-18809ea8
move_w,copin,txn-mark,8,pf_batch,4,10.9373,526224,OK,e0c403a2512e-18809ea8
move_w,copin,txn-mark,8,batch_rseq,4,11.195,538268,OK,e0c403a2512e-18809ea8
move_w,copin,txn-mark,8,pf_batch_rseq,4,11.3364,549276,OK,e0c403a2512e-18809ea8
move_w,copin,txn-mark,8,pf_batch,5,10.9077,538688,OK,e0c403a2512e-18809ea8
move_w,copin,txn-mark,8,batch_rseq,5,11.2061,535056,OK,e0c403a2512e-18809ea8
move_w,copin,txn-mark,8,pf_batch_rseq,5,11.0577,524752,OK,e0c403a2512e-18809ea8
move_w,copin,txn-mark,8,batch,5,11.0477,529380,OK,e0c403a2512e-18809ea8
move_w,copin,txn-mark,8,batch_rseq,6,11.0877,538076,OK,e0c403a2512e-18809ea8
move_w,copin,txn-mark,8,pf_batch_rseq,6,11.093,536900,OK,e0c403a2512e-18809ea8
move_w,copin,txn-mark,8,batch,6,11.0205,534128,OK,e0c403a2512e-18809ea8
move_w,copin,txn-mark,8,pf_batch,6,10.8809,518856,OK,e0c403a2512e-18809ea8
move_w,copin,txn-mark,8,pf_batch_rseq,7,11.1876,537144,OK,e0c403a2512e-18809ea8
move_w,copin,txn-mark,8,batch,7,10.9147,521976,OK,e0c403a2512e-18809ea8
move_w,copin,txn-mark,8,pf_batch,7,11.0354,535420,OK,e0c403a2512e-18809ea8
move_w,copin,txn-mark,8,batch_rseq,7,10.9711,536108,OK,e0c403a2512e-18809ea8
move_w,copin,bucketlock,8,pf_batch,1,11.1613,485580,OK,e0c403a2512e-18809ea8
move_w,copin,bucketlock,8,batch_rseq,1,11.5903,568264,OK,e0c403a2512e-18809ea8
move_w,copin,bucketlock,8,pf_batch_rseq,1,11.156,539808,OK,e0c403a2512e-18809ea8
move_w,copin,bucketlock,8,batch,1,11.4085,468980,OK,e0c403a2512e-18809ea8
move_w,copin,bucketlock,8,batch_rseq,2,12.0422,520972,OK,e0c403a2512e-18809ea8
move_w,copin,bucketlock,8,pf_batch_rseq,2,11.6339,561256,OK,e0c403a2512e-18809ea8
move_w,copin,bucketlock,8,batch,2,11.4758,476016,OK,e0c403a2512e-18809ea8
move_w,copin,bucketlock,8,pf_batch,2,11.2024,468392,OK,e0c403a2512e-18809ea8
move_w,copin,bucketlock,8,pf_batch_rseq,3,11.996,515564,OK,e0c403a2512e-18809ea8
move_w,copin,bucketlock,8,batch,3,11.0363,461780,OK,e0c403a2512e-18809ea8
move_w,copin,bucketlock,8,pf_batch,3,11.1885,486736,OK,e0c403a2512e-18809ea8
move_w,copin,bucketlock,8,batch_rseq,3,11.7931,514988,OK,e0c403a2512e-18809ea8
move_w,copin,bucketlock,8,batch,4,11.3012,470028,OK,e0c403a2512e-18809ea8
move_w,copin,bucketlock,8,pf_batch,4,11.5059,484644,OK,e0c403a2512e-18809ea8
move_w,copin,bucketlock,8,batch_rseq,4,11.652,523736,OK,e0c403a2512e-18809ea8
move_w,copin,bucketlock,8,pf_batch_rseq,4,11.5127,488980,OK,e0c403a2512e-18809ea8
move_w,copin,bucketlock,8,pf_batch,5,11.1979,471992,OK,e0c403a2512e-18809ea8
move_w,copin,bucketlock,8,batch_rseq,5,11.9559,546284,OK,e0c403a2512e-18809ea8
move_w,copin,bucketlock,8,pf_batch_rseq,5,11.3149,476964,OK,e0c403a2512e-18809ea8
move_w,copin,bucketlock,8,batch,5,11.1958,592284,OK,e0c403a2512e-18809ea8
move_w,copin,bucketlock,8,batch_rseq,6,12.0127,534188,OK,e0c403a2512e-18809ea8
move_w,copin,bucketlock,8,pf_batch_rseq,6,12.0277,551892,OK,e0c403a2512e-18809ea8
move_w,copin,bucketlock,8,batch,6,11.6051,489248,OK,e0c403a2512e-18809ea8
move_w,copin,bucketlock,8,pf_batch,6,11.1795,467804,OK,e0c403a2512e-18809ea8
move_w,copin,bucketlock,8,pf_batch_rseq,7,11.7317,510672,OK,e0c403a2512e-18809ea8
move_w,copin,bucketlock,8,batch,7,11.6944,515000,OK,e0c403a2512e-18809ea8
move_w,copin,bucketlock,8,pf_batch,7,10.9811,444208,OK,e0c403a2512e-18809ea8
move_w,copin,bucketlock,8,batch_rseq,7,11.5321,535436,OK,e0c403a2512e-18809ea8
move_w,copin,txn-global,48,pf_batch,1,0.760727,1543556,OK,e0c403a2512e-18809ea8
move_w,copin,txn-global,48,batch_rseq,1,0.756804,1536064,OK,e0c403a2512e-18809ea8
move_w,copin,txn-global,48,pf_batch_rseq,1,0.747962,1522956,OK,e0c403a2512e-18809ea8
move_w,copin,txn-global,48,batch,1,0.72174,1527536,OK,e0c403a2512e-18809ea8
move_w,copin,txn-global,48,batch_rseq,2,0.741531,1506072,OK,e0c403a2512e-18809ea8
move_w,copin,txn-global,48,pf_batch_rseq,2,0.745118,1560516,OK,e0c403a2512e-18809ea8
move_w,copin,txn-global,48,batch,2,0.715484,1550780,OK,e0c403a2512e-18809ea8
move_w,copin,txn-global,48,pf_batch,2,0.755782,1519564,OK,e0c403a2512e-18809ea8
move_w,copin,txn-global,48,pf_batch_rseq,3,0.76055,1520164,OK,e0c403a2512e-18809ea8
move_w,copin,txn-global,48,batch,3,0.741451,1545072,OK,e0c403a2512e-18809ea8
move_w,copin,txn-global,48,pf_batch,3,0.762613,1540956,OK,e0c403a2512e-18809ea8
move_w,copin,txn-global,48,batch_rseq,3,0.752577,1548860,OK,e0c403a2512e-18809ea8
move_w,copin,txn-global,48,batch,4,0.7335,1510088,OK,e0c403a2512e-18809ea8
move_w,copin,txn-global,48,pf_batch,4,0.735296,1550184,OK,e0c403a2512e-18809ea8
move_w,copin,txn-global,48,batch_rseq,4,0.74148,1505208,OK,e0c403a2512e-18809ea8
move_w,copin,txn-global,48,pf_batch_rseq,4,0.764318,1566632,OK,e0c403a2512e-18809ea8
move_w,copin,txn-global,48,pf_batch,5,0.756204,1557456,OK,e0c403a2512e-18809ea8
move_w,copin,txn-global,48,batch_rseq,5,0.749509,1527884,OK,e0c403a2512e-18809ea8
move_w,copin,txn-global,48,pf_batch_rseq,5,0.756151,1559376,OK,e0c403a2512e-18809ea8
move_w,copin,txn-global,48,batch,5,0.722325,1526036,OK,e0c403a2512e-18809ea8
move_w,copin,txn-global,48,batch_rseq,6,0.73677,1532152,OK,e0c403a2512e-18809ea8
move_w,copin,txn-global,48,pf_batch_rseq,6,0.746207,1592504,OK,e0c403a2512e-18809ea8
move_w,copin,txn-global,48,batch,6,0.756681,1525400,OK,e0c403a2512e-18809ea8
move_w,copin,txn-global,48,pf_batch,6,0.722336,1542396,OK,e0c403a2512e-18809ea8
move_w,copin,txn-global,48,pf_batch_rseq,7,0.749805,1539756,OK,e0c403a2512e-18809ea8
move_w,copin,txn-global,48,batch,7,0.747214,1583800,OK,e0c403a2512e-18809ea8
move_w,copin,txn-global,48,pf_batch,7,0.75382,1522436,OK,e0c403a2512e-18809ea8
move_w,copin,txn-global,48,batch_rseq,7,0.748469,1517540,OK,e0c403a2512e-18809ea8
move_w,copin,txn-mark,48,pf_batch,1,22.2734,3654204,OK,e0c403a2512e-18809ea8
move_w,copin,txn-mark,48,batch_rseq,1,22.332,2625352,OK,e0c403a2512e-18809ea8
move_w,copin,txn-mark,48,pf_batch_rseq,1,22.594,3384252,OK,e0c403a2512e-18809ea8
move_w,copin,txn-mark,48,batch,1,22.0322,4001432,OK,e0c403a2512e-18809ea8
move_w,copin,txn-mark,48,batch_rseq,2,22.2163,3272920,OK,e0c403a2512e-18809ea8
move_w,copin,txn-mark,48,pf_batch_rseq,2,22.4049,3551392,OK,e0c403a2512e-18809ea8
move_w,copin,txn-mark,48,batch,2,21.3578,3908096,OK,e0c403a2512e-18809ea8
move_w,copin,txn-mark,48,pf_batch,2,22.0303,3280368,OK,e0c403a2512e-18809ea8
move_w,copin,txn-mark,48,pf_batch_rseq,3,21.9358,3180868,OK,e0c403a2512e-18809ea8
move_w,copin,txn-mark,48,batch,3,22.1776,3141732,OK,e0c403a2512e-18809ea8
move_w,copin,txn-mark,48,pf_batch,3,21.8493,3146556,OK,e0c403a2512e-18809ea8
move_w,copin,txn-mark,48,batch_rseq,3,22.3198,3192740,OK,e0c403a2512e-18809ea8
move_w,copin,txn-mark,48,batch,4,22.096,2909048,OK,e0c403a2512e-18809ea8
move_w,copin,txn-mark,48,pf_batch,4,21.8081,3631160,OK,e0c403a2512e-18809ea8
move_w,copin,txn-mark,48,batch_rseq,4,22.5967,2805564,OK,e0c403a2512e-18809ea8
move_w,copin,txn-mark,48,pf_batch_rseq,4,22.7157,3366380,OK,e0c403a2512e-18809ea8
move_w,copin,txn-mark,48,pf_batch,5,22.1889,3359748,OK,e0c403a2512e-18809ea8
move_w,copin,txn-mark,48,batch_rseq,5,21.9605,4288920,OK,e0c403a2512e-18809ea8
move_w,copin,txn-mark,48,pf_batch_rseq,5,22.4111,3152720,OK,e0c403a2512e-18809ea8
move_w,copin,txn-mark,48,batch,5,22.102,3453624,OK,e0c403a2512e-18809ea8
move_w,copin,txn-mark,48,batch_rseq,6,22.4082,3151288,OK,e0c403a2512e-18809ea8
move_w,copin,txn-mark,48,pf_batch_rseq,6,22.2622,3783548,OK,e0c403a2512e-18809ea8
move_w,copin,txn-mark,48,batch,6,22.16,3235744,OK,e0c403a2512e-18809ea8
move_w,copin,txn-mark,48,pf_batch,6,22.1329,2705432,OK,e0c403a2512e-18809ea8
move_w,copin,txn-mark,48,pf_batch_rseq,7,21.9729,3144008,OK,e0c403a2512e-18809ea8
move_w,copin,txn-mark,48,batch,7,21.8362,3816096,OK,e0c403a2512e-18809ea8
move_w,copin,txn-mark,48,pf_batch,7,21.6262,3337980,OK,e0c403a2512e-18809ea8
move_w,copin,txn-mark,48,batch_rseq,7,22.1386,4188156,OK,e0c403a2512e-18809ea8
move_w,copin,bucketlock,48,pf_batch,1,22.9798,1544828,OK,e0c403a2512e-18809ea8
move_w,copin,bucketlock,48,batch_rseq,1,25.1391,1541116,OK,e0c403a2512e-18809ea8
move_w,copin,bucketlock,48,pf_batch_rseq,1,24.1518,1694964,OK,e0c403a2512e-18809ea8
move_w,copin,bucketlock,48,batch,1,23.6466,1574888,OK,e0c403a2512e-18809ea8
move_w,copin,bucketlock,48,batch_rseq,2,25.0012,1566420,OK,e0c403a2512e-18809ea8
move_w,copin,bucketlock,48,pf_batch_rseq,2,23.5492,1482460,OK,e0c403a2512e-18809ea8
move_w,copin,bucketlock,48,batch,2,23.7233,1731796,OK,e0c403a2512e-18809ea8
move_w,copin,bucketlock,48,pf_batch,2,24.4481,1642532,OK,e0c403a2512e-18809ea8
move_w,copin,bucketlock,48,pf_batch_rseq,3,24.213,1875004,OK,e0c403a2512e-18809ea8
move_w,copin,bucketlock,48,batch,3,24.7851,1666032,OK,e0c403a2512e-18809ea8
move_w,copin,bucketlock,48,pf_batch,3,23.4881,1434672,OK,e0c403a2512e-18809ea8
move_w,copin,bucketlock,48,batch_rseq,3,23.5624,1408160,OK,e0c403a2512e-18809ea8
move_w,copin,bucketlock,48,batch,4,23.8203,1499492,OK,e0c403a2512e-18809ea8
move_w,copin,bucketlock,48,pf_batch,4,23.2499,1604388,OK,e0c403a2512e-18809ea8
move_w,copin,bucketlock,48,batch_rseq,4,23.804,1744828,OK,e0c403a2512e-18809ea8
move_w,copin,bucketlock,48,pf_batch_rseq,4,23.6583,1354520,OK,e0c403a2512e-18809ea8
move_w,copin,bucketlock,48,pf_batch,5,23.0469,1376248,OK,e0c403a2512e-18809ea8
move_w,copin,bucketlock,48,batch_rseq,5,24.395,1667240,OK,e0c403a2512e-18809ea8
move_w,copin,bucketlock,48,pf_batch_rseq,5,22.7643,1390832,OK,e0c403a2512e-18809ea8
move_w,copin,bucketlock,48,batch,5,22.4717,1358956,OK,e0c403a2512e-18809ea8
move_w,copin,bucketlock,48,batch_rseq,6,23.645,1438752,OK,e0c403a2512e-18809ea8
move_w,copin,bucketlock,48,pf_batch_rseq,6,24.3963,1423276,OK,e0c403a2512e-18809ea8
move_w,copin,bucketlock,48,batch,6,24.3689,1558012,OK,e0c403a2512e-18809ea8
move_w,copin,bucketlock,48,pf_batch,6,23.59,1579564,OK,e0c403a2512e-18809ea8
move_w,copin,bucketlock,48,pf_batch_rseq,7,24.1448,1487928,OK,e0c403a2512e-18809ea8
move_w,copin,bucketlock,48,batch,7,24.1658,1910944,OK,e0c403a2512e-18809ea8
move_w,copin,bucketlock,48,pf_batch,7,22.9495,2103208,OK,e0c403a2512e-18809ea8
move_w,copin,bucketlock,48,batch_rseq,7,25.2047,1623904,OK,e0c403a2512e-18809ea8
