mode,engine,run,x,total_mops,update_mops,read_mops,viol
buckets,txn_hlist,1,1,11.74,4.70,7.04,0
buckets,txn_hlist,2,1,11.75,4.70,7.05,0
buckets,rcu_hlist,1,1,0.78,0.31,0.47,0
buckets,rcu_hlist,2,1,0.82,0.33,0.49,0
buckets,lfht,1,1,12.72,5.09,7.63,0
buckets,lfht,2,1,12.72,5.09,7.63,0
buckets,rlu_defer,1,1,1.84,0.73,1.10,0
buckets,rlu_defer,2,1,1.90,0.76,1.14,0
buckets,rlu_sync,1,1,1.84,0.74,1.10,0
buckets,rlu_sync,2,1,1.85,0.74,1.11,0
buckets,txn_hlist,1,4,22.88,9.15,13.73,0
buckets,txn_hlist,2,4,22.82,9.13,13.69,0
buckets,rcu_hlist,1,4,1.13,0.45,0.68,0
buckets,rcu_hlist,2,4,1.13,0.45,0.68,0
buckets,lfht,1,4,29.15,11.66,17.49,0
buckets,lfht,2,4,29.22,11.69,17.53,0
buckets,rlu_defer,1,4,4.82,1.93,2.89,0
buckets,rlu_defer,2,4,4.77,1.91,2.86,0
buckets,rlu_sync,1,4,5.45,2.18,3.27,0
buckets,rlu_sync,2,4,5.39,2.16,3.23,0
buckets,txn_hlist,1,16,35.93,14.37,21.56,0
buckets,txn_hlist,2,16,36.00,14.40,21.60,0
buckets,rcu_hlist,1,16,5.62,2.25,3.37,0
buckets,rcu_hlist,2,16,5.60,2.24,3.36,0
buckets,lfht,1,16,46.24,18.50,27.74,0
buckets,lfht,2,16,46.17,18.47,27.70,0
buckets,rlu_defer,1,16,8.44,3.38,5.07,0
buckets,rlu_defer,2,16,8.46,3.39,5.07,0
buckets,rlu_sync,1,16,8.35,3.34,5.01,0
buckets,rlu_sync,2,16,8.30,3.32,4.98,0
buckets,txn_hlist,1,64,41.29,16.52,24.77,0
buckets,txn_hlist,2,64,41.22,16.49,24.73,0
buckets,rcu_hlist,1,64,16.03,6.41,9.62,0
buckets,rcu_hlist,2,64,14.23,5.69,8.54,0
buckets,lfht,1,64,51.39,20.56,30.83,0
buckets,lfht,2,64,51.64,20.66,30.98,0
buckets,rlu_defer,1,64,12.80,5.12,7.68,0
buckets,rlu_defer,2,64,13.21,5.28,7.92,0
buckets,rlu_sync,1,64,9.59,3.84,5.75,0
buckets,rlu_sync,2,64,9.38,3.75,5.62,0
buckets,txn_hlist,1,256,43.39,17.36,26.03,0
buckets,txn_hlist,2,256,43.32,17.33,25.99,0
buckets,rcu_hlist,1,256,39.86,15.95,23.91,0
buckets,rcu_hlist,2,256,39.61,15.84,23.76,0
buckets,lfht,1,256,52.84,21.14,31.70,0
buckets,lfht,2,256,51.93,20.77,31.16,0
buckets,rlu_defer,1,256,18.64,7.46,11.19,0
buckets,rlu_defer,2,256,18.62,7.45,11.17,0
buckets,rlu_sync,1,256,10.09,4.04,6.05,0
buckets,rlu_sync,2,256,10.18,4.07,6.11,0
buckets,txn_hlist,1,1024,44.25,17.70,26.55,0
buckets,txn_hlist,2,1024,44.78,17.91,26.87,0
buckets,rcu_hlist,1,1024,54.76,21.91,32.86,0
buckets,rcu_hlist,2,1024,54.58,21.83,32.75,0
buckets,lfht,1,1024,53.42,21.37,32.05,0
buckets,lfht,2,1024,52.12,20.85,31.27,0
buckets,rlu_defer,1,1024,25.38,10.15,15.23,0
buckets,rlu_defer,2,1024,25.03,10.01,15.02,0
buckets,rlu_sync,1,1024,10.46,4.18,6.27,0
buckets,rlu_sync,2,1024,10.53,4.22,6.32,0
buckets,txn_hlist,1,4096,44.85,17.94,26.91,0
buckets,txn_hlist,2,4096,44.55,17.82,26.73,0
buckets,rcu_hlist,1,4096,58.87,23.55,35.32,0
buckets,rcu_hlist,2,4096,57.59,23.04,34.55,0
buckets,lfht,1,4096,52.31,20.93,31.38,0
buckets,lfht,2,4096,52.47,20.99,31.48,0
buckets,rlu_defer,1,4096,31.98,12.79,19.18,0
buckets,rlu_defer,2,4096,31.96,12.79,19.18,0
buckets,rlu_sync,1,4096,10.33,4.13,6.20,0
buckets,rlu_sync,2,4096,10.71,4.29,6.43,0
buckets,txn_hlist,1,8192,38.43,15.37,23.05,0
buckets,txn_hlist,2,8192,38.51,15.40,23.10,0
buckets,rcu_hlist,1,8192,45.03,18.01,27.02,0
buckets,rcu_hlist,2,8192,44.86,17.95,26.92,0
buckets,lfht,1,8192,42.36,16.95,25.41,0
buckets,lfht,2,8192,43.65,17.46,26.19,0
buckets,rlu_defer,1,8192,35.42,14.17,21.25,0
buckets,rlu_defer,2,8192,35.72,14.29,21.43,0
buckets,rlu_sync,1,8192,10.41,4.17,6.25,0
buckets,rlu_sync,2,8192,10.34,4.14,6.20,0
threads16,txn_hlist,1,1,4.27,1.71,2.56,0
threads16,txn_hlist,1,2,5.72,2.29,3.43,0
threads16,txn_hlist,1,4,9.46,3.78,5.68,0
threads16,txn_hlist,1,8,15.62,6.25,9.37,0
threads16,txn_hlist,1,16,14.48,5.79,8.69,0
threads16,txn_hlist,1,32,18.92,7.57,11.35,0
threads16,txn_hlist,1,64,25.12,10.05,15.07,0
threads16,txn_hlist,1,96,29.63,11.85,17.78,0
threads16,txn_hlist,1,128,31.29,12.52,18.77,0
threads16,txn_hlist,1,160,33.85,13.54,20.31,0
threads16,txn_hlist,1,191,36.30,14.52,21.78,0
threads16,txn_hlist,1,192,36.43,14.57,21.86,0
threads16,txn_hlist,2,1,4.23,1.69,2.54,0
threads16,txn_hlist,2,2,5.73,2.29,3.44,0
threads16,txn_hlist,2,4,9.52,3.81,5.71,0
threads16,txn_hlist,2,8,15.68,6.27,9.41,0
threads16,txn_hlist,2,16,14.46,5.79,8.68,0
threads16,txn_hlist,2,32,18.74,7.50,11.24,0
threads16,txn_hlist,2,64,25.24,10.10,15.14,0
threads16,txn_hlist,2,96,30.20,12.08,18.12,0
threads16,txn_hlist,2,128,31.40,12.56,18.84,0
threads16,txn_hlist,2,160,33.85,13.54,20.31,0
threads16,txn_hlist,2,191,36.27,14.51,21.76,0
threads16,txn_hlist,2,192,36.39,14.56,21.83,0
threads16,rcu_hlist,1,1,5.12,2.05,3.07,0
threads16,rcu_hlist,1,2,6.76,2.70,4.05,0
threads16,rcu_hlist,1,4,9.65,3.86,5.79,0
threads16,rcu_hlist,1,8,13.21,5.29,7.93,0
threads16,rcu_hlist,1,16,11.24,4.50,6.74,0
threads16,rcu_hlist,1,32,11.31,4.53,6.79,0
threads16,rcu_hlist,1,64,10.53,4.21,6.32,0
threads16,rcu_hlist,1,96,9.44,3.77,5.66,0
threads16,rcu_hlist,1,128,7.76,3.10,4.65,0
threads16,rcu_hlist,1,160,6.88,2.75,4.13,0
threads16,rcu_hlist,1,191,6.26,2.51,3.76,0
threads16,rcu_hlist,1,192,6.24,2.50,3.74,0
threads16,rcu_hlist,2,1,5.10,2.04,3.06,0
threads16,rcu_hlist,2,2,6.76,2.70,4.05,0
threads16,rcu_hlist,2,4,9.66,3.86,5.79,0
threads16,rcu_hlist,2,8,13.13,5.25,7.88,0
threads16,rcu_hlist,2,16,11.21,4.49,6.73,0
threads16,rcu_hlist,2,32,11.21,4.48,6.72,0
threads16,rcu_hlist,2,64,10.37,4.15,6.22,0
threads16,rcu_hlist,2,96,9.13,3.65,5.48,0
threads16,rcu_hlist,2,128,7.64,3.06,4.58,0
threads16,rcu_hlist,2,160,6.85,2.74,4.11,0
threads16,rcu_hlist,2,191,6.26,2.50,3.75,0
threads16,rcu_hlist,2,192,6.27,2.51,3.76,0
threads16,lfht,1,1,3.96,1.58,2.38,0
threads16,lfht,1,2,5.80,2.32,3.48,0
threads16,lfht,1,4,9.81,3.92,5.89,0
threads16,lfht,1,8,16.41,6.56,9.85,0
threads16,lfht,1,16,17.99,7.20,10.79,0
threads16,lfht,1,32,24.42,9.77,14.65,0
threads16,lfht,1,64,33.06,13.23,19.84,0
threads16,lfht,1,96,38.53,15.42,23.12,0
threads16,lfht,1,128,41.12,16.45,24.67,0
threads16,lfht,1,160,44.12,17.65,26.47,0
threads16,lfht,1,191,46.99,18.80,28.19,0
threads16,lfht,1,192,47.17,18.87,28.30,0
threads16,lfht,2,1,3.98,1.59,2.39,0
threads16,lfht,2,2,5.92,2.37,3.55,0
threads16,lfht,2,4,9.79,3.92,5.88,0
threads16,lfht,2,8,16.45,6.58,9.87,0
threads16,lfht,2,16,18.00,7.20,10.80,0
threads16,lfht,2,32,24.30,9.72,14.58,0
threads16,lfht,2,64,32.90,13.16,19.74,0
threads16,lfht,2,96,38.14,15.26,22.88,0
threads16,lfht,2,128,40.93,16.37,24.56,0
threads16,lfht,2,160,44.07,17.63,26.44,0
threads16,lfht,2,191,46.96,18.79,28.17,0
threads16,lfht,2,192,47.13,18.85,28.28,0
threads16,rlu_defer,1,1,5.48,2.19,3.29,0
threads16,rlu_defer,1,2,6.86,2.74,4.12,0
threads16,rlu_defer,1,4,10.46,4.18,6.28,0
threads16,rlu_defer,1,8,15.04,6.02,9.02,0
threads16,rlu_defer,1,16,9.61,3.85,5.77,0
threads16,rlu_defer,1,32,10.25,4.10,6.15,0
threads16,rlu_defer,1,64,11.05,4.42,6.63,0
threads16,rlu_defer,1,96,10.83,4.33,6.49,0
threads16,rlu_defer,1,128,9.65,3.86,5.79,0
threads16,rlu_defer,1,160,9.11,3.65,5.47,0
threads16,rlu_defer,1,191,8.72,3.49,5.23,0
threads16,rlu_defer,1,192,8.72,3.49,5.23,0
threads16,rlu_defer,2,1,5.44,2.18,3.27,0
threads16,rlu_defer,2,2,6.83,2.73,4.10,0
threads16,rlu_defer,2,4,10.45,4.18,6.27,0
threads16,rlu_defer,2,8,15.05,6.02,9.03,0
threads16,rlu_defer,2,16,10.26,4.11,6.16,0
threads16,rlu_defer,2,32,11.22,4.49,6.73,0
threads16,rlu_defer,2,64,12.06,4.82,7.23,0
threads16,rlu_defer,2,96,12.44,4.98,7.46,0
threads16,rlu_defer,2,128,10.26,4.11,6.16,0
threads16,rlu_defer,2,160,8.95,3.58,5.37,0
threads16,rlu_defer,2,191,8.62,3.45,5.17,0
threads16,rlu_defer,2,192,8.64,3.46,5.18,0
threads16,rlu_sync,1,1,5.70,2.28,3.42,0
threads16,rlu_sync,1,2,5.65,2.26,3.39,0
threads16,rlu_sync,1,4,7.79,3.12,4.67,0
threads16,rlu_sync,1,8,10.98,4.39,6.58,0
threads16,rlu_sync,1,16,7.14,2.86,4.28,0
threads16,rlu_sync,1,32,7.86,3.15,4.72,0
threads16,rlu_sync,1,64,8.78,3.51,5.27,0
threads16,rlu_sync,1,96,9.23,3.69,5.54,0
threads16,rlu_sync,1,128,8.70,3.48,5.22,0
threads16,rlu_sync,1,160,8.62,3.45,5.17,0
threads16,rlu_sync,1,191,8.55,3.42,5.13,0
threads16,rlu_sync,1,192,8.56,3.42,5.13,0
threads16,rlu_sync,2,1,5.70,2.28,3.42,0
threads16,rlu_sync,2,2,5.62,2.25,3.37,0
threads16,rlu_sync,2,4,7.76,3.11,4.66,0
threads16,rlu_sync,2,8,10.92,4.37,6.55,0
threads16,rlu_sync,2,16,6.98,2.79,4.19,0
threads16,rlu_sync,2,32,7.60,3.04,4.56,0
threads16,rlu_sync,2,64,8.79,3.52,5.28,0
threads16,rlu_sync,2,96,9.11,3.64,5.46,0
threads16,rlu_sync,2,128,8.64,3.46,5.18,0
threads16,rlu_sync,2,160,8.58,3.43,5.15,0
threads16,rlu_sync,2,191,8.51,3.41,5.11,0
threads16,rlu_sync,2,192,8.53,3.41,5.12,0
