rep,dataset,engine,ns_per_op,rss_kB,exit_code
1,dns,ft_spec,123.6,413404,0
1,dns,ft_eager,177.8,402096,0
1,dns,judyl,-,0,0
1,dns,judysl,200.8,128372,0
1,dns,judyhs,143.3,144568,0
1,dns,qp,116.7,182796,0
1,dns,art,183.9,250684,0
1,dns,rax,295.2,235860,0
1,dns,hot,97.8,133624,0
1,dns,cuckoo,333.7,166596,0
1,dns,masstree,232.4,244348,0
1,dns,artolc,211.6,187876,0
1,dns,wormhole,113.9,146996,0
1,dns,ft_spec_june,120.3,358304,0
1,dns,ft_eager_june,162.6,347652,0
1,dict,ft_spec,115.1,397028,0
1,dict,ft_eager,169.0,391648,0
1,dict,judyl,-,0,0
1,dict,judysl,251.7,111504,0
1,dict,judyhs,120.3,139548,0
1,dict,qp,126.6,159732,0
1,dict,art,172.3,219612,0
1,dict,rax,276.5,209064,0
1,dict,hot,109.8,123304,0
1,dict,cuckoo,301.2,162376,0
1,dict,masstree,188.4,176992,0
1,dict,artolc,217.5,160504,0
1,dict,wormhole,101.2,141040,0
1,dict,ft_spec_june,112.7,344088,0
1,dict,ft_eager_june,164.9,335800,0
1,paths,ft_spec,144.3,406076,0
1,paths,ft_eager,211.1,398860,0
1,paths,judyl,-,0,0
1,paths,judysl,260.6,124472,0
1,paths,judyhs,147.9,148048,0
1,paths,qp,177.5,186256,0
1,paths,art,219.6,258180,0
1,paths,rax,312.8,239796,0
1,paths,hot,74.4,135816,0
1,paths,cuckoo,335.9,170872,0
1,paths,masstree,207.7,224332,0
1,paths,artolc,246.9,196632,0
1,paths,wormhole,113.3,148660,0
1,paths,ft_spec_june,143.3,352580,0
1,paths,ft_eager_june,208.1,346500,0
1,u32d,ft_spec,16.1,211080,0
1,u32d,ft_eager,14.4,210808,0
1,u32d,judyl,11.0,32144,0
1,u32d,judysl,-,0,0
1,u32d,judyhs,24.1,36984,0
1,u32d,qp,12.5,51880,0
1,u32d,art,10.7,91112,0
1,u32d,rax,29.4,90736,0
1,u32d,hot,19.6,44160,0
1,u32d,cuckoo,94.7,95688,0
1,u32d,masstree,46.3,72688,0
1,u32d,artolc,21.8,60028,0
1,u32d,wormhole,34.5,76908,0
1,u32d,ft_spec_june,15.4,169432,0
1,u32d,ft_eager_june,14.2,163892,0
1,u32s,ft_spec,34.9,303192,0
1,u32s,ft_eager,43.1,306900,0
1,u32s,judyl,37.3,38668,0
1,u32s,judysl,-,0,0
1,u32s,judyhs,46.5,40540,0
1,u32s,qp,12.5,49928,0
1,u32s,art,45.6,104964,0
1,u32s,rax,84.5,125724,0
1,u32s,hot,49.6,44116,0
1,u32s,cuckoo,97.4,97732,0
1,u32s,masstree,173.8,84972,0
1,u32s,artolc,96.6,76736,0
1,u32s,wormhole,90.1,77448,0
1,u32s,ft_spec_june,35.5,232412,0
1,u32s,ft_eager_june,42.5,233400,0
1,u64d,ft_spec,17.1,207888,0
1,u64d,ft_eager,17.2,209876,0
1,u64d,judyl,11.0,34140,0
1,u64d,judysl,-,0,0
1,u64d,judyhs,37.6,42248,0
1,u64d,qp,13.0,49928,0
1,u64d,art,12.4,89092,0
1,u64d,rax,28.9,92876,0
1,u64d,hot,19.6,44120,0
1,u64d,cuckoo,116.9,97708,0
1,u64d,masstree,46.8,74656,0
1,u64d,artolc,23.4,58056,0
1,u64d,wormhole,37.3,76660,0
1,u64d,ft_spec_june,16.4,169516,0
1,u64d,ft_eager_june,16.5,166608,0
1,u64s,ft_spec,35.1,306652,0
1,u64s,ft_eager,44.9,314200,0
1,u64s,judyl,64.2,43992,0
1,u64s,judysl,-,0,0
1,u64s,judyhs,78.1,45992,0
1,u64s,qp,13.0,49804,0
1,u64s,art,47.8,106944,0
1,u64s,rax,94.2,127628,0
1,u64s,hot,49.4,46096,0
1,u64s,cuckoo,97.1,95852,0
1,u64s,masstree,173.6,84984,0
1,u64s,artolc,99.3,76708,0
1,u64s,wormhole,90.1,77012,0
1,u64s,ft_spec_june,35.0,235156,0
1,u64s,ft_eager_june,44.6,233204,0
2,dns,ft_spec,123.0,414532,0
2,dns,ft_eager,165.4,399584,0
2,dns,judyl,-,0,0
2,dns,judysl,202.0,128376,0
2,dns,judyhs,148.2,144560,0
2,dns,qp,116.6,184760,0
2,dns,art,188.2,250768,0
2,dns,rax,296.7,237968,0
2,dns,hot,97.5,131608,0
2,dns,cuckoo,333.4,166572,0
2,dns,masstree,232.4,246316,0
2,dns,artolc,211.2,187996,0
2,dns,wormhole,113.9,147840,0
2,dns,ft_spec_june,121.9,358312,0
2,dns,ft_eager_june,162.0,349644,0
2,dict,ft_spec,115.3,396836,0
2,dict,ft_eager,169.7,391908,0
2,dict,judyl,-,0,0
2,dict,judysl,248.9,109424,0
2,dict,judyhs,119.0,139620,0
2,dict,qp,128.0,157720,0
2,dict,art,168.3,221668,0
2,dict,rax,278.6,211084,0
2,dict,hot,108.4,123296,0
2,dict,cuckoo,301.8,162436,0
2,dict,masstree,190.5,174896,0
2,dict,artolc,207.5,160364,0
2,dict,wormhole,108.9,140608,0
2,dict,ft_spec_june,112.8,341820,0
2,dict,ft_eager_june,165.2,336168,0
2,paths,ft_spec,145.1,407176,0
2,paths,ft_eager,210.2,398604,0
2,paths,judyl,-,0,0
2,paths,judysl,263.1,126592,0
2,paths,judyhs,141.9,145928,0
2,paths,qp,176.5,186176,0
2,paths,art,217.6,256048,0
2,paths,rax,325.5,241856,0
2,paths,hot,74.7,135824,0
2,paths,cuckoo,330.0,170932,0
2,paths,masstree,206.7,224380,0
2,paths,artolc,243.2,196588,0
2,paths,wormhole,117.4,147604,0
2,paths,ft_spec_june,142.8,352304,0
2,paths,ft_eager_june,208.4,346224,0
2,u32d,ft_spec,16.9,209224,0
2,u32d,ft_eager,14.2,211756,0
2,u32d,judyl,11.0,34184,0
2,u32d,judysl,-,0,0
2,u32d,judyhs,24.1,37188,0
2,u32d,qp,12.5,49920,0
2,u32d,art,10.7,91240,0
2,u32d,rax,29.1,90740,0
2,u32d,hot,19.6,44164,0
2,u32d,cuckoo,94.3,97864,0
2,u32d,masstree,46.0,72704,0
2,u32d,artolc,21.8,57888,0
2,u32d,wormhole,35.1,76392,0
2,u32d,ft_spec_june,15.4,165728,0
2,u32d,ft_eager_june,13.8,166716,0
2,u32s,ft_spec,35.1,305584,0
2,u32s,ft_eager,42.4,310696,0
2,u32s,judyl,37.5,38676,0
2,u32s,judysl,-,0,0
2,u32s,judyhs,46.5,40752,0
2,u32s,qp,12.5,49984,0
2,u32s,art,45.7,106968,0
2,u32s,rax,86.0,125844,0
2,u32s,hot,49.7,46240,0
2,u32s,cuckoo,97.7,97856,0
2,u32s,masstree,171.1,84904,0
2,u32s,artolc,96.5,78752,0
2,u32s,wormhole,88.2,77208,0
2,u32s,ft_spec_june,35.3,232728,0
2,u32s,ft_eager_june,42.5,230632,0
2,u64d,ft_spec,17.1,208996,0
2,u64d,ft_eager,17.5,210164,0
2,u64d,judyl,11.0,31808,0
2,u64d,judysl,-,0,0
2,u64d,judyhs,37.6,42288,0
2,u64d,qp,13.0,51808,0
2,u64d,art,12.4,91120,0
2,u64d,rax,29.2,90680,0
2,u64d,hot,19.6,44216,0
2,u64d,cuckoo,117.1,97672,0
2,u64d,masstree,47.1,74752,0
2,u64d,artolc,23.4,60152,0
2,u64d,wormhole,37.7,78144,0
2,u64d,ft_spec_june,16.4,166912,0
2,u64d,ft_eager_june,16.5,167748,0
2,u64s,ft_spec,34.8,309232,0
2,u64s,ft_eager,45.1,314532,0
2,u64s,judyl,64.7,45816,0
2,u64s,judysl,-,0,0
2,u64s,judyhs,78.4,45984,0
2,u64s,qp,13.1,49880,0
2,u64s,art,49.3,106988,0
2,u64s,rax,94.2,127600,0
2,u64s,hot,49.8,46272,0
2,u64s,cuckoo,97.5,97912,0
2,u64s,masstree,168.6,82912,0
2,u64s,artolc,101.1,78660,0
2,u64s,wormhole,90.9,76208,0
2,u64s,ft_spec_june,34.7,234868,0
2,u64s,ft_eager_june,44.3,233236,0
3,dns,ft_spec,123.2,412440,0
3,dns,ft_eager,166.1,399024,0
3,dns,judyl,-,0,0
3,dns,judysl,200.7,130528,0
3,dns,judyhs,143.2,146596,0
3,dns,qp,117.2,182708,0
3,dns,art,183.2,252732,0
3,dns,rax,297.6,235964,0
3,dns,hot,97.8,131572,0
3,dns,cuckoo,335.6,166504,0
3,dns,masstree,230.5,244256,0
3,dns,artolc,217.6,190020,0
3,dns,wormhole,118.7,147580,0
3,dns,ft_spec_june,120.5,360540,0
3,dns,ft_eager_june,162.3,347696,0
3,dict,ft_spec,115.6,397576,0
3,dict,ft_eager,169.2,392096,0
3,dict,judyl,-,0,0
3,dict,judysl,244.1,111364,0
3,dict,judyhs,120.3,139484,0
3,dict,qp,127.6,157648,0
3,dict,art,167.5,221696,0
3,dict,rax,275.7,211084,0
3,dict,hot,107.2,123388,0
3,dict,cuckoo,300.9,164528,0
3,dict,masstree,190.1,176976,0
3,dict,artolc,210.3,162508,0
3,dict,wormhole,101.5,140720,0
3,dict,ft_spec_june,112.8,343784,0
3,dict,ft_eager_june,164.0,339452,0
3,paths,ft_spec,144.7,405544,0
3,paths,ft_eager,210.2,399780,0
3,paths,judyl,-,0,0
3,paths,judysl,264.9,126620,0
3,paths,judyhs,146.8,146084,0
3,paths,qp,172.7,186396,0
3,paths,art,218.6,256136,0
3,paths,rax,332.0,241980,0
3,paths,hot,71.1,135944,0
3,paths,cuckoo,329.5,168872,0
3,paths,masstree,207.8,222292,0
3,paths,artolc,235.8,196700,0
3,paths,wormhole,112.9,148324,0
3,paths,ft_spec_june,143.4,352880,0
3,paths,ft_eager_june,207.8,347852,0
3,u32d,ft_spec,16.3,211556,0
3,u32d,ft_eager,14.2,208136,0
3,u32d,judyl,11.0,34128,0
3,u32d,judysl,-,0,0
3,u32d,judyhs,24.1,39216,0
3,u32d,qp,12.5,49848,0
3,u32d,art,10.7,89108,0
3,u32d,rax,29.2,90744,0
3,u32d,hot,19.6,42076,0
3,u32d,cuckoo,94.5,97864,0
3,u32d,masstree,46.0,72672,0
3,u32d,artolc,21.8,58060,0
3,u32d,wormhole,34.6,76928,0
3,u32d,ft_spec_june,15.4,163476,0
3,u32d,ft_eager_june,14.2,172456,0
3,u32s,ft_spec,35.1,302676,0
3,u32s,ft_eager,42.7,308388,0
3,u32s,judyl,37.5,40440,0
3,u32s,judysl,-,0,0
3,u32s,judyhs,46.3,40676,0
3,u32s,qp,12.5,51980,0
3,u32s,art,45.7,106956,0
3,u32s,rax,82.5,125880,0
3,u32s,hot,49.4,44084,0
3,u32s,cuckoo,97.8,95608,0
3,u32s,masstree,173.0,85016,0
3,u32s,artolc,99.4,78740,0
3,u32s,wormhole,87.9,77364,0
3,u32s,ft_spec_june,35.7,230664,0
3,u32s,ft_eager_june,42.7,233428,0
3,u64d,ft_spec,17.0,205680,0
3,u64d,ft_eager,17.3,207844,0
3,u64d,judyl,11.0,31904,0
3,u64d,judysl,-,0,0
3,u64d,judyhs,37.5,42380,0
3,u64d,qp,13.0,51988,0
3,u64d,art,12.5,91104,0
3,u64d,rax,29.0,92776,0
3,u64d,hot,19.6,44240,0
3,u64d,cuckoo,117.5,97776,0
3,u64d,masstree,46.2,74668,0
3,u64d,artolc,23.4,59944,0
3,u64d,wormhole,38.8,77552,0
3,u64d,ft_spec_june,16.4,169236,0
3,u64d,ft_eager_june,16.5,167620,0
3,u64s,ft_spec,34.9,306700,0
3,u64s,ft_eager,45.3,314184,0
3,u64s,judyl,55.1,44020,0
3,u64s,judysl,-,0,0
3,u64s,judyhs,78.4,46060,0
3,u64s,qp,13.0,51860,0
3,u64s,art,47.3,107084,0
3,u64s,rax,94.2,127600,0
3,u64s,hot,49.2,46136,0
3,u64s,cuckoo,97.6,97748,0
3,u64s,masstree,170.6,84964,0
3,u64s,artolc,99.3,76568,0
3,u64s,wormhole,90.5,76252,0
3,u64s,ft_spec_june,34.8,232520,0
3,u64s,ft_eager_june,45.2,235492,0
