layout,engine,run,x,read_mvisits,viol
walk,txn_sw_list,1,1,789.0,0
walk,txn_sw_list,1,2,1579.6,0
walk,txn_sw_list,1,4,3186.0,0
walk,txn_sw_list,1,8,6353.4,0
walk,txn_sw_list,1,16,12683.4,0
walk,txn_sw_list,1,32,25347.1,0
walk,txn_sw_list,1,64,50468.1,0
walk,txn_sw_list,1,96,74140.5,0
walk,txn_sw_list,1,128,99400.2,0
walk,txn_sw_list,1,160,124467.1,0
walk,txn_sw_list,1,191,148244.7,0
walk,txn_sw_list,1,192,148882.7,0
walk,existence,1,1,698.5,0
walk,existence,1,2,1399.7,0
walk,existence,1,4,2806.9,0
walk,existence,1,8,5614.3,0
walk,existence,1,16,11228.3,0
walk,existence,1,32,22453.0,0
walk,existence,1,64,44785.9,0
walk,existence,1,96,65822.0,0
walk,existence,1,128,88204.2,0
walk,existence,1,160,110482.3,0
walk,existence,1,191,130778.9,0
walk,existence,1,192,131302.4,0
walk,rlu,1,1,689.3,0
walk,rlu,1,2,1382.1,0
walk,rlu,1,4,2771.8,0
walk,rlu,1,8,5551.3,0
walk,rlu,1,16,11090.6,0
walk,rlu,1,32,22160.6,0
walk,rlu,1,64,42444.4,0
walk,rlu,1,96,55412.0,0
walk,rlu,1,128,77065.7,0
walk,rlu,1,160,99390.7,0
walk,rlu,1,191,112201.3,0
walk,rlu,1,192,112392.6,0
walk,mvrlu,1,1,315.8,0
walk,mvrlu,1,2,639.8,0
walk,mvrlu,1,4,1250.5,0
walk,mvrlu,1,8,2435.4,0
walk,mvrlu,1,16,5012.7,0
walk,mvrlu,1,32,10052.5,0
walk,mvrlu,1,64,19118.8,0
walk,mvrlu,1,96,25171.7,0
walk,mvrlu,1,128,35331.8,0
walk,mvrlu,1,160,45869.3,0
walk,mvrlu,1,191,51479.5,0
walk,mvrlu,1,192,51468.3,0
shuffled,txn_sw_list,1,1,274.2,0
shuffled,txn_sw_list,1,2,549.5,0
shuffled,txn_sw_list,1,4,1101.2,0
shuffled,txn_sw_list,1,8,2204.5,0
shuffled,txn_sw_list,1,16,4409.3,0
shuffled,txn_sw_list,1,32,8816.2,0
shuffled,txn_sw_list,1,64,17450.0,0
shuffled,txn_sw_list,1,96,25753.0,0
shuffled,txn_sw_list,1,128,34478.9,0
shuffled,txn_sw_list,1,160,43063.5,0
shuffled,txn_sw_list,1,191,51067.9,0
shuffled,txn_sw_list,1,192,51293.1,0
shuffled,existence,1,1,264.6,0
shuffled,existence,1,2,530.8,0
shuffled,existence,1,4,1063.1,0
shuffled,existence,1,8,2127.5,0
shuffled,existence,1,16,4255.6,0
shuffled,existence,1,32,8508.1,0
shuffled,existence,1,64,16859.2,0
shuffled,existence,1,96,24898.4,0
shuffled,existence,1,128,33293.0,0
shuffled,existence,1,160,41584.0,0
shuffled,existence,1,191,49341.6,0
shuffled,existence,1,192,49564.5,0
shuffled,rlu,1,1,265.3,0
shuffled,rlu,1,2,533.4,0
shuffled,rlu,1,4,1070.4,0
shuffled,rlu,1,8,2141.8,0
shuffled,rlu,1,16,4283.8,0
shuffled,rlu,1,32,8566.3,0
shuffled,rlu,1,64,17083.4,0
shuffled,rlu,1,96,25026.8,0
shuffled,rlu,1,128,32967.8,0
shuffled,rlu,1,160,41446.0,0
shuffled,rlu,1,191,49648.1,0
shuffled,rlu,1,192,49865.1,0
shuffled,mvrlu,1,1,211.9,0
shuffled,mvrlu,1,2,425.0,0
shuffled,mvrlu,1,4,852.7,0
shuffled,mvrlu,1,8,1708.7,0
shuffled,mvrlu,1,16,3415.5,0
shuffled,mvrlu,1,32,6828.7,0
shuffled,mvrlu,1,64,13647.1,0
shuffled,mvrlu,1,96,18655.1,0
shuffled,mvrlu,1,128,25444.3,0
shuffled,mvrlu,1,160,32200.5,0
shuffled,mvrlu,1,191,37134.4,0
shuffled,mvrlu,1,192,36411.8,0
walk,existence,2,1,697.7,0
walk,existence,2,2,1399.5,0
walk,existence,2,4,2803.5,0
walk,existence,2,8,5613.2,0
walk,existence,2,16,11226.2,0
walk,existence,2,32,22439.7,0
walk,existence,2,64,44767.1,0
walk,existence,2,96,65830.7,0
walk,existence,2,128,88200.8,0
walk,existence,2,160,110471.2,0
walk,existence,2,191,130817.4,0
walk,existence,2,192,128564.1,0
walk,rlu,2,1,695.0,0
walk,rlu,2,2,1395.1,0
walk,rlu,2,4,2793.4,0
walk,rlu,2,8,5553.3,0
walk,rlu,2,16,11172.4,0
walk,rlu,2,32,22332.5,0
walk,rlu,2,64,42774.9,0
walk,rlu,2,96,55499.2,0
walk,rlu,2,128,77554.8,0
walk,rlu,2,160,100177.4,0
walk,rlu,2,191,112935.5,0
walk,rlu,2,192,113325.0,0
walk,mvrlu,2,1,320.0,0
walk,mvrlu,2,2,632.1,0
walk,mvrlu,2,4,1250.3,0
walk,mvrlu,2,8,2457.2,0
walk,mvrlu,2,16,4951.5,0
walk,mvrlu,2,32,9994.1,0
walk,mvrlu,2,64,19053.6,0
walk,mvrlu,2,96,24781.0,0
walk,mvrlu,2,128,34538.7,0
walk,mvrlu,2,160,44678.3,0
walk,mvrlu,2,191,50104.3,0
walk,mvrlu,2,192,50445.6,0
walk,txn_sw_list,2,1,785.1,0
walk,txn_sw_list,2,2,1577.9,0
walk,txn_sw_list,2,4,3160.6,0
walk,txn_sw_list,2,8,6324.6,0
walk,txn_sw_list,2,16,12645.8,0
walk,txn_sw_list,2,32,25299.2,0
walk,txn_sw_list,2,64,50359.3,0
walk,txn_sw_list,2,96,74051.3,0
walk,txn_sw_list,2,128,99277.8,0
walk,txn_sw_list,2,160,124263.4,0
walk,txn_sw_list,2,191,147952.5,0
walk,txn_sw_list,2,192,148617.3,0
shuffled,existence,2,1,266.8,0
shuffled,existence,2,2,536.3,0
shuffled,existence,2,4,1073.7,0
shuffled,existence,2,8,2151.1,0
shuffled,existence,2,16,4300.7,0
shuffled,existence,2,32,8598.4,0
shuffled,existence,2,64,17037.3,0
shuffled,existence,2,96,25159.9,0
shuffled,existence,2,128,33641.8,0
shuffled,existence,2,160,42020.2,0
shuffled,existence,2,191,49844.9,0
shuffled,existence,2,192,50075.4,0
shuffled,rlu,2,1,267.9,0
shuffled,rlu,2,2,537.1,0
shuffled,rlu,2,4,1077.9,0
shuffled,rlu,2,8,2157.2,0
shuffled,rlu,2,16,4315.5,0
shuffled,rlu,2,32,8627.5,0
shuffled,rlu,2,64,17208.3,0
shuffled,rlu,2,96,25167.5,0
shuffled,rlu,2,128,33184.0,0
shuffled,rlu,2,160,41732.6,0
shuffled,rlu,2,191,49979.7,0
shuffled,rlu,2,192,50168.8,0
shuffled,mvrlu,2,1,211.9,0
shuffled,mvrlu,2,2,425.2,0
shuffled,mvrlu,2,4,850.6,0
shuffled,mvrlu,2,8,1704.3,0
shuffled,mvrlu,2,16,3409.2,0
shuffled,mvrlu,2,32,6818.0,0
shuffled,mvrlu,2,64,13625.9,0
shuffled,mvrlu,2,96,18612.6,0
shuffled,mvrlu,2,128,24759.9,0
shuffled,mvrlu,2,160,31311.9,0
shuffled,mvrlu,2,191,36120.0,0
shuffled,mvrlu,2,192,36253.1,0
shuffled,txn_sw_list,2,1,273.5,0
shuffled,txn_sw_list,2,2,550.2,0
shuffled,txn_sw_list,2,4,1101.4,0
shuffled,txn_sw_list,2,8,2204.5,0
shuffled,txn_sw_list,2,16,4408.5,0
shuffled,txn_sw_list,2,32,8814.9,0
shuffled,txn_sw_list,2,64,17445.5,0
shuffled,txn_sw_list,2,96,25746.8,0
shuffled,txn_sw_list,2,128,34483.9,0
shuffled,txn_sw_list,2,160,43075.2,0
shuffled,txn_sw_list,2,191,51065.8,0
shuffled,txn_sw_list,2,192,51304.0,0
walk,rlu,3,1,694.2,0
walk,rlu,3,2,1391.8,0
walk,rlu,3,4,2793.9,0
walk,rlu,3,8,5586.2,0
walk,rlu,3,16,11181.3,0
walk,rlu,3,32,22363.1,0
walk,rlu,3,64,42779.1,0
walk,rlu,3,96,55520.3,0
walk,rlu,3,128,77658.1,0
walk,rlu,3,160,100226.7,0
walk,rlu,3,191,112949.6,0
walk,rlu,3,192,113414.4,0
walk,mvrlu,3,1,297.8,0
walk,mvrlu,3,2,635.3,0
walk,mvrlu,3,4,1224.7,0
walk,mvrlu,3,8,2438.1,0
walk,mvrlu,3,16,4973.9,0
walk,mvrlu,3,32,10114.4,0
walk,mvrlu,3,64,19146.8,0
walk,mvrlu,3,96,24742.6,0
walk,mvrlu,3,128,34818.4,0
walk,mvrlu,3,160,44868.3,0
walk,mvrlu,3,191,50564.8,0
walk,mvrlu,3,192,50963.3,0
walk,txn_sw_list,3,1,786.3,0
walk,txn_sw_list,3,2,1577.0,0
walk,txn_sw_list,3,4,3159.7,0
walk,txn_sw_list,3,8,6325.7,0
walk,txn_sw_list,3,16,12649.8,0
walk,txn_sw_list,3,32,25302.7,0
walk,txn_sw_list,3,64,50379.8,0
walk,txn_sw_list,3,96,74063.5,0
walk,txn_sw_list,3,128,99312.3,0
walk,txn_sw_list,3,160,124279.0,0
walk,txn_sw_list,3,191,148022.8,0
walk,txn_sw_list,3,192,148621.8,0
walk,existence,3,1,701.2,0
walk,existence,3,2,1398.2,0
walk,existence,3,4,2803.6,0
walk,existence,3,8,5611.1,0
walk,existence,3,16,11229.2,0
walk,existence,3,32,22424.9,0
walk,existence,3,64,44630.7,0
walk,existence,3,96,65387.7,0
walk,existence,3,128,87725.2,0
walk,existence,3,160,109939.4,0
walk,existence,3,191,130224.1,0
walk,existence,3,192,130482.8,0
shuffled,rlu,3,1,267.3,0
shuffled,rlu,3,2,536.4,0
shuffled,rlu,3,4,1076.0,0
shuffled,rlu,3,8,2155.1,0
shuffled,rlu,3,16,4309.4,0
shuffled,rlu,3,32,8615.4,0
shuffled,rlu,3,64,17180.9,0
shuffled,rlu,3,96,24396.4,0
shuffled,rlu,3,128,32990.4,0
shuffled,rlu,3,160,41521.2,0
shuffled,rlu,3,191,49864.7,0
shuffled,rlu,3,192,50059.1,0
shuffled,mvrlu,3,1,207.6,0
shuffled,mvrlu,3,2,417.5,0
shuffled,mvrlu,3,4,835.4,0
shuffled,mvrlu,3,8,1674.6,0
shuffled,mvrlu,3,16,3348.6,0
shuffled,mvrlu,3,32,6696.2,0
shuffled,mvrlu,3,64,13384.6,0
shuffled,mvrlu,3,96,18365.4,0
shuffled,mvrlu,3,128,24927.9,0
shuffled,mvrlu,3,160,30871.6,0
shuffled,mvrlu,3,191,35655.6,0
shuffled,mvrlu,3,192,35763.9,0
shuffled,txn_sw_list,3,1,274.1,0
shuffled,txn_sw_list,3,2,549.9,0
shuffled,txn_sw_list,3,4,1101.8,0
shuffled,txn_sw_list,3,8,2205.0,0
shuffled,txn_sw_list,3,16,4409.7,0
shuffled,txn_sw_list,3,32,8816.8,0
shuffled,txn_sw_list,3,64,17450.8,0
shuffled,txn_sw_list,3,96,25750.5,0
shuffled,txn_sw_list,3,128,34478.3,0
shuffled,txn_sw_list,3,160,43061.5,0
shuffled,txn_sw_list,3,191,51065.3,0
shuffled,txn_sw_list,3,192,51288.3,0
shuffled,existence,3,1,266.7,0
shuffled,existence,3,2,534.8,0
shuffled,existence,3,4,1073.6,0
shuffled,existence,3,8,2149.6,0
shuffled,existence,3,16,4294.0,0
shuffled,existence,3,32,8587.5,0
shuffled,existence,3,64,17011.3,0
shuffled,existence,3,96,25128.1,0
shuffled,existence,3,128,33670.6,0
shuffled,existence,3,160,42058.3,0
shuffled,existence,3,191,49906.0,0
shuffled,existence,3,192,50125.6,0
walk,mvrlu,4,1,314.6,0
walk,mvrlu,4,2,636.0,0
walk,mvrlu,4,4,1247.8,0
walk,mvrlu,4,8,2527.3,0
walk,mvrlu,4,16,4982.8,0
walk,mvrlu,4,32,9834.3,0
walk,mvrlu,4,64,18901.3,0
walk,mvrlu,4,96,24762.0,0
walk,mvrlu,4,128,34357.9,0
walk,mvrlu,4,160,43277.7,0
walk,mvrlu,4,191,50044.6,0
walk,mvrlu,4,192,51411.0,0
walk,txn_sw_list,4,1,788.2,0
walk,txn_sw_list,4,2,1577.8,0
walk,txn_sw_list,4,4,3160.7,0
walk,txn_sw_list,4,8,6327.5,0
walk,txn_sw_list,4,16,12656.7,0
walk,txn_sw_list,4,32,25311.5,0
walk,txn_sw_list,4,64,50406.1,0
walk,txn_sw_list,4,96,74120.9,0
walk,txn_sw_list,4,128,99374.5,0
walk,txn_sw_list,4,160,124408.3,0
walk,txn_sw_list,4,191,148204.7,0
walk,txn_sw_list,4,192,148826.1,0
walk,existence,4,1,699.9,0
walk,existence,4,2,1401.0,0
walk,existence,4,4,2804.2,0
walk,existence,4,8,5609.6,0
walk,existence,4,16,11222.2,0
walk,existence,4,32,22442.5,0
walk,existence,4,64,44750.7,0
walk,existence,4,96,65797.0,0
walk,existence,4,128,88159.3,0
walk,existence,4,160,110426.0,0
walk,existence,4,191,130720.1,0
walk,existence,4,192,131280.2,0
walk,rlu,4,1,694.7,0
walk,rlu,4,2,1396.4,0
walk,rlu,4,4,2797.5,0
walk,rlu,4,8,5561.6,0
walk,rlu,4,16,11149.7,0
walk,rlu,4,32,22342.5,0
walk,rlu,4,64,42737.1,0
walk,rlu,4,96,55280.2,0
walk,rlu,4,128,77596.7,0
walk,rlu,4,160,100191.7,0
walk,rlu,4,191,113052.1,0
walk,rlu,4,192,113373.1,0
shuffled,mvrlu,4,1,211.2,0
shuffled,mvrlu,4,2,423.8,0
shuffled,mvrlu,4,4,851.3,0
shuffled,mvrlu,4,8,1704.4,0
shuffled,mvrlu,4,16,3409.7,0
shuffled,mvrlu,4,32,6816.9,0
shuffled,mvrlu,4,64,13626.4,0
shuffled,mvrlu,4,96,18600.9,0
shuffled,mvrlu,4,128,25382.0,0
shuffled,mvrlu,4,160,32083.0,0
shuffled,mvrlu,4,191,36990.0,0
shuffled,mvrlu,4,192,37135.1,0
shuffled,txn_sw_list,4,1,273.5,0
shuffled,txn_sw_list,4,2,549.4,0
shuffled,txn_sw_list,4,4,1101.5,0
shuffled,txn_sw_list,4,8,2205.4,0
shuffled,txn_sw_list,4,16,4408.9,0
shuffled,txn_sw_list,4,32,8815.2,0
shuffled,txn_sw_list,4,64,17449.2,0
shuffled,txn_sw_list,4,96,25750.5,0
shuffled,txn_sw_list,4,128,34474.0,0
shuffled,txn_sw_list,4,160,43052.1,0
shuffled,txn_sw_list,4,191,51058.2,0
shuffled,txn_sw_list,4,192,51286.7,0
shuffled,existence,4,1,264.8,0
shuffled,existence,4,2,531.2,0
shuffled,existence,4,4,1064.3,0
shuffled,existence,4,8,2131.6,0
shuffled,existence,4,16,4262.2,0
shuffled,existence,4,32,8523.5,0
shuffled,existence,4,64,16886.4,0
shuffled,existence,4,96,24942.1,0
shuffled,existence,4,128,33345.1,0
shuffled,existence,4,160,41655.3,0
shuffled,existence,4,191,49405.4,0
shuffled,existence,4,192,49641.3,0
shuffled,rlu,4,1,267.1,0
shuffled,rlu,4,2,536.6,0
shuffled,rlu,4,4,1075.9,0
shuffled,rlu,4,8,2154.6,0
shuffled,rlu,4,16,4308.6,0
shuffled,rlu,4,32,8615.3,0
shuffled,rlu,4,64,17185.4,0
shuffled,rlu,4,96,25143.5,0
shuffled,rlu,4,128,33144.2,0
shuffled,rlu,4,160,41679.8,0
shuffled,rlu,4,191,49857.6,0
shuffled,rlu,4,192,50077.8,0
walk,txn_sw_list,5,1,788.4,0
walk,txn_sw_list,5,2,1579.4,0
walk,txn_sw_list,5,4,3174.9,0
walk,txn_sw_list,5,8,6338.0,0
walk,txn_sw_list,5,16,12668.0,0
walk,txn_sw_list,5,32,25317.3,0
walk,txn_sw_list,5,64,50399.0,0
walk,txn_sw_list,5,96,74106.0,0
walk,txn_sw_list,5,128,99345.8,0
walk,txn_sw_list,5,160,124369.9,0
walk,txn_sw_list,5,191,148162.5,0
walk,txn_sw_list,5,192,148654.6,0
walk,existence,5,1,697.6,0
walk,existence,5,2,1400.0,0
walk,existence,5,4,2806.3,0
walk,existence,5,8,5613.2,0
walk,existence,5,16,11227.6,0
walk,existence,5,32,22458.9,0
walk,existence,5,64,44793.2,0
walk,existence,5,96,65827.0,0
walk,existence,5,128,88202.5,0
walk,existence,5,160,110476.5,0
walk,existence,5,191,130807.8,0
walk,existence,5,192,131330.8,0
walk,rlu,5,1,694.9,0
walk,rlu,5,2,1396.9,0
walk,rlu,5,4,2796.8,0
walk,rlu,5,8,5577.3,0
walk,rlu,5,16,11195.0,0
walk,rlu,5,32,22331.0,0
walk,rlu,5,64,42726.3,0
walk,rlu,5,96,55443.9,0
walk,rlu,5,128,77633.6,0
walk,rlu,5,160,100316.9,0
walk,rlu,5,191,113085.6,0
walk,rlu,5,192,113371.8,0
walk,mvrlu,5,1,300.7,0
walk,mvrlu,5,2,590.0,0
walk,mvrlu,5,4,1273.5,0
walk,mvrlu,5,8,2472.1,0
walk,mvrlu,5,16,4981.3,0
walk,mvrlu,5,32,9962.6,0
walk,mvrlu,5,64,19274.8,0
walk,mvrlu,5,96,22825.3,0
walk,mvrlu,5,128,33309.6,0
walk,mvrlu,5,160,43962.4,0
walk,mvrlu,5,191,50029.3,0
walk,mvrlu,5,192,50131.8,0
shuffled,txn_sw_list,5,1,271.5,0
shuffled,txn_sw_list,5,2,543.7,0
shuffled,txn_sw_list,5,4,1090.3,0
shuffled,txn_sw_list,5,8,2178.1,0
shuffled,txn_sw_list,5,16,4360.6,0
shuffled,txn_sw_list,5,32,8720.8,0
shuffled,txn_sw_list,5,64,17269.5,0
shuffled,txn_sw_list,5,96,25484.1,0
shuffled,txn_sw_list,5,128,34130.2,0
shuffled,txn_sw_list,5,160,42630.5,0
shuffled,txn_sw_list,5,191,50553.5,0
shuffled,txn_sw_list,5,192,50768.1,0
shuffled,existence,5,1,256.3,0
shuffled,existence,5,2,515.5,0
shuffled,existence,5,4,1030.9,0
shuffled,existence,5,8,2067.2,0
shuffled,existence,5,16,4132.9,0
shuffled,existence,5,32,8264.8,0
shuffled,existence,5,64,16382.9,0
shuffled,existence,5,96,24246.9,0
shuffled,existence,5,128,32506.7,0
shuffled,existence,5,160,40621.8,0
shuffled,existence,5,191,48144.2,0
shuffled,existence,5,192,48389.1,0
shuffled,rlu,5,1,268.1,0
shuffled,rlu,5,2,537.0,0
shuffled,rlu,5,4,1078.0,0
shuffled,rlu,5,8,2157.5,0
shuffled,rlu,5,16,4315.5,0
shuffled,rlu,5,32,8627.8,0
shuffled,rlu,5,64,17211.0,0
shuffled,rlu,5,96,25147.8,0
shuffled,rlu,5,128,33804.8,0
shuffled,rlu,5,160,42321.7,0
shuffled,rlu,5,191,50177.4,0
shuffled,rlu,5,192,50145.1,0
shuffled,mvrlu,5,1,212.1,0
shuffled,mvrlu,5,2,424.3,0
shuffled,mvrlu,5,4,852.2,0
shuffled,mvrlu,5,8,1706.4,0
shuffled,mvrlu,5,16,3410.7,0
shuffled,mvrlu,5,32,6819.7,0
shuffled,mvrlu,5,64,13224.9,0
shuffled,mvrlu,5,96,18169.6,0
shuffled,mvrlu,5,128,24762.4,0
shuffled,mvrlu,5,160,31273.3,0
shuffled,mvrlu,5,191,36124.4,0
shuffled,mvrlu,5,192,36239.3,0
