arm,writers,list_size,churn,run,write_mops,violations,retries,loadavg
txn_sw_bitlock,1,128,64,1,10.12,0,0,71.87
txn_sw_nodelock,1,128,64,1,10.25,0,0,66.19
rculist_nodelock,1,128,64,1,16.19,0,0,61.05
txn_sw_mutex,1,128,64,1,12.03,0,,51.97
txn_list,1,128,64,1,9.61,0,,47.97
txn_sw_bitlock,2,256,128,1,19.06,0,0,44.29
txn_sw_nodelock,2,256,128,1,18.34,0,0,38.01
rculist_nodelock,2,256,128,1,27.30,0,0,35.21
txn_sw_mutex,2,256,128,1,7.13,0,,32.63
txn_list,2,256,128,1,14.92,0,,27.93
txn_sw_bitlock,4,512,256,1,34.19,0,0,25.94
txn_sw_nodelock,4,512,256,1,30.35,0,0,24.26
rculist_nodelock,4,512,256,1,37.02,0,0,21.01
txn_sw_mutex,4,512,256,1,4.86,0,,19.73
txn_list,4,512,256,1,26.56,0,,18.47
txn_sw_bitlock,8,1024,512,1,61.04,0,0,16.18
txn_sw_nodelock,8,1024,512,1,54.70,0,0,15.61
rculist_nodelock,8,1024,512,1,62.47,0,0,15.08
txn_sw_mutex,8,1024,512,1,3.99,0,,14.38
txn_list,8,1024,512,1,51.68,0,,13.87
txn_sw_bitlock,16,2048,1024,1,57.16,0,0,13.56
txn_sw_nodelock,16,2048,1024,1,59.31,0,0,15.49
rculist_nodelock,16,2048,1024,1,59.56,0,0,15.61
txn_sw_mutex,16,2048,1024,1,1.96,0,,15.73
txn_list,16,2048,1024,1,54.63,0,,15.84
txn_sw_bitlock,32,4096,2048,1,121.92,0,0,16.02
txn_sw_nodelock,32,4096,2048,1,110.10,0,0,17.78
rculist_nodelock,32,4096,2048,1,129.27,0,0,20.12
txn_sw_mutex,32,4096,2048,1,1.84,0,,21.39
txn_list,32,4096,2048,1,104.33,0,,22.24
txn_sw_bitlock,64,8192,4096,1,150.61,0,0,24.82
txn_sw_nodelock,64,8192,4096,1,139.31,0,0,28.03
rculist_nodelock,64,8192,4096,1,165.61,0,0,30.99
txn_sw_mutex,64,8192,4096,1,1.56,0,,37.03
txn_list,64,8192,4096,1,137.96,0,,39.35
txn_sw_bitlock,96,12288,6144,1,207.23,0,0,41.49
txn_sw_nodelock,96,12288,6144,1,197.09,0,0,53.14
rculist_nodelock,96,12288,6144,1,267.26,0,0,57.37
txn_sw_mutex,96,12288,6144,1,1.49,0,,61.43
txn_list,96,12288,6144,1,192.58,0,,66.74
txn_sw_bitlock,128,16384,8192,1,197.85,0,0,69.81
txn_sw_nodelock,128,16384,8192,1,221.09,0,0,75.03
rculist_nodelock,128,16384,8192,1,229.82,0,0,85.53
txn_sw_mutex,128,16384,8192,1,1.04,0,,90.61
txn_list,128,16384,8192,1,187.48,0,,95.53
txn_sw_bitlock,160,20480,10240,1,279.14,0,0,103.76
txn_sw_nodelock,160,20480,10240,1,252.22,0,0,113.79
rculist_nodelock,160,20480,10240,1,237.01,0,0,118.53
txn_sw_mutex,160,20480,10240,1,1.05,0,,130.07
txn_list,160,20480,10240,1,257.76,0,,132.31
txn_sw_bitlock,191,24448,12224,1,360.54,0,0,137.25
txn_sw_nodelock,191,24448,12224,1,317.11,0,0,154.22
rculist_nodelock,191,24448,12224,1,328.27,0,0,161.33
txn_sw_mutex,191,24448,12224,1,1.11,0,,166.99
txn_list,191,24448,12224,1,333.60,0,,159.41
txn_sw_bitlock,192,24576,12288,1,386.07,0,0,168.11
txn_sw_nodelock,192,24576,12288,1,335.72,0,0,175.21
rculist_nodelock,192,24576,12288,1,403.40,0,0,181.52
txn_sw_mutex,192,24576,12288,1,1.11,0,,183.32
txn_list,192,24576,12288,1,355.09,0,,184.81
txn_sw_nodelock,1,128,64,2,10.08,0,0,187.95
rculist_nodelock,1,128,64,2,16.16,0,0,172.98
txn_sw_mutex,1,128,64,2,11.94,0,,146.62
txn_list,1,128,64,2,9.65,0,,134.96
txn_sw_bitlock,1,128,64,2,10.28,0,0,124.31
txn_sw_nodelock,2,256,128,2,18.33,0,0,105.51
rculist_nodelock,2,256,128,2,27.32,0,0,97.30
txn_sw_mutex,2,256,128,2,7.15,0,,82.72
txn_list,2,256,128,2,14.98,0,,76.26
txn_sw_bitlock,2,256,128,2,19.07,0,0,70.39
txn_sw_nodelock,4,512,256,2,30.45,0,0,60.10
rculist_nodelock,4,512,256,2,36.75,0,0,55.69
txn_sw_mutex,4,512,256,2,4.87,0,,51.71
txn_list,4,512,256,2,26.48,0,,44.37
txn_sw_bitlock,4,512,256,2,34.14,0,0,41.22
txn_sw_nodelock,8,1024,512,2,55.39,0,0,38.32
rculist_nodelock,8,1024,512,2,62.81,0,0,36.13
txn_sw_mutex,8,1024,512,2,3.99,0,,31.30
txn_list,8,1024,512,2,51.60,0,,29.35
txn_sw_bitlock,8,1024,512,2,60.80,0,0,27.80
txn_sw_nodelock,16,2048,1024,2,59.51,0,0,24.33
rculist_nodelock,16,2048,1024,2,59.78,0,0,23.82
txn_sw_mutex,16,2048,1024,2,1.97,0,,23.59
txn_list,16,2048,1024,2,55.69,0,,21.09
txn_sw_bitlock,16,2048,1024,2,58.40,0,0,21.08
txn_sw_nodelock,32,4096,2048,2,112.35,0,0,20.83
rculist_nodelock,32,4096,2048,2,130.08,0,0,20.35
txn_sw_mutex,32,4096,2048,2,1.83,0,,21.44
txn_list,32,4096,2048,2,105.48,0,,22.21
txn_sw_bitlock,32,4096,2048,2,125.19,0,0,24.39
txn_sw_nodelock,64,8192,4096,2,139.88,0,0,25.64
rculist_nodelock,64,8192,4096,2,166.38,0,0,28.79
txn_sw_mutex,64,8192,4096,2,1.52,0,,35.23
txn_list,64,8192,4096,2,138.16,0,,37.37
txn_sw_bitlock,64,8192,4096,2,149.46,0,0,39.74
txn_sw_nodelock,96,12288,6144,2,198.36,0,0,43.92
rculist_nodelock,96,12288,6144,2,266.44,0,0,48.81
txn_sw_mutex,96,12288,6144,2,1.49,0,,52.75
txn_list,96,12288,6144,2,193.48,0,,59.40
txn_sw_bitlock,96,12288,6144,2,207.76,0,0,64.01
txn_sw_nodelock,128,16384,8192,2,221.77,0,0,67.86
rculist_nodelock,128,16384,8192,2,229.57,0,0,78.43
txn_sw_mutex,128,16384,8192,2,1.29,0,,85.12
txn_list,128,16384,8192,2,187.29,0,,88.47
txn_sw_bitlock,128,16384,8192,2,198.02,0,0,97.39
txn_sw_nodelock,160,20480,10240,2,250.94,0,0,101.44
rculist_nodelock,160,20480,10240,2,258.21,0,0,106.77
txn_sw_mutex,160,20480,10240,2,1.06,0,,118.01
txn_list,160,20480,10240,2,236.73,0,,121.45
txn_sw_bitlock,160,20480,10240,2,250.65,0,0,126.54
txn_sw_nodelock,191,24448,12224,2,316.84,0,0,120.06
rculist_nodelock,191,24448,12224,2,343.45,0,0,127.74
txn_sw_mutex,191,24448,12224,2,1.11,0,,134.89
txn_list,191,24448,12224,2,332.46,0,,129.76
txn_sw_bitlock,191,24448,12224,2,359.64,0,0,139.07
txn_sw_nodelock,192,24576,12288,2,331.06,0,0,148.28
rculist_nodelock,192,24576,12288,2,404.84,0,0,153.62
txn_sw_mutex,192,24576,12288,2,1.14,0,,157.90
txn_list,192,24576,12288,2,354.41,0,,148.92
txn_sw_bitlock,192,24576,12288,2,386.77,0,0,156.77
rculist_nodelock,1,128,64,3,16.19,0,0,149.32
txn_sw_mutex,1,128,64,3,12.00,0,,137.53
txn_list,1,128,64,3,9.64,0,,126.59
txn_sw_bitlock,1,128,64,3,10.29,0,0,107.44
txn_sw_nodelock,1,128,64,3,10.10,0,0,99.00
rculist_nodelock,2,256,128,3,27.23,0,0,91.23
txn_sw_mutex,2,256,128,3,7.28,0,,77.67
txn_list,2,256,128,3,14.59,0,,71.69
txn_sw_bitlock,2,256,128,3,19.35,0,0,66.27
txn_sw_nodelock,2,256,128,3,18.24,0,0,56.47
rculist_nodelock,4,512,256,3,36.95,0,0,52.19
txn_sw_mutex,4,512,256,3,4.90,0,,48.41
txn_list,4,512,256,3,26.56,0,,41.59
txn_sw_bitlock,4,512,256,3,34.22,0,0,38.74
txn_sw_nodelock,4,512,256,3,30.26,0,0,36.20
rculist_nodelock,8,1024,512,3,62.93,0,0,31.40
txn_sw_mutex,8,1024,512,3,4.00,0,,30.01
txn_list,8,1024,512,3,51.63,0,,28.16
txn_sw_bitlock,8,1024,512,3,60.83,0,0,25.30
txn_sw_nodelock,8,1024,512,3,54.90,0,0,24.07
rculist_nodelock,16,2048,1024,3,59.67,0,0,22.94
txn_sw_mutex,16,2048,1024,3,1.96,0,,22.55
txn_list,16,2048,1024,3,54.50,0,,22.19
txn_sw_bitlock,16,2048,1024,3,57.39,0,0,22.81
txn_sw_nodelock,16,2048,1024,3,59.60,0,0,21.92
rculist_nodelock,32,4096,2048,3,128.35,0,0,21.61
txn_sw_mutex,32,4096,2048,3,1.78,0,,22.52
txn_list,32,4096,2048,3,105.37,0,,23.82
txn_sw_bitlock,32,4096,2048,3,122.17,0,0,24.56
txn_sw_nodelock,32,4096,2048,3,109.85,0,0,25.31
rculist_nodelock,64,8192,4096,3,165.97,0,0,26.25
txn_sw_mutex,64,8192,4096,3,1.55,0,,28.05
txn_list,64,8192,4096,3,138.15,0,,30.93
txn_sw_bitlock,64,8192,4096,3,150.03,0,0,33.74
txn_sw_nodelock,64,8192,4096,3,139.08,0,0,34.07
rculist_nodelock,96,12288,6144,3,266.42,0,0,36.55
txn_sw_mutex,96,12288,6144,3,1.49,0,,41.87
txn_list,96,12288,6144,3,196.02,0,,43.36
txn_sw_bitlock,96,12288,6144,3,207.78,0,0,47.81
txn_sw_nodelock,96,12288,6144,3,196.36,0,0,52.95
rculist_nodelock,128,16384,8192,3,195.32,0,0,53.21
txn_sw_mutex,128,16384,8192,3,0.97,0,,59.60
txn_list,128,16384,8192,3,187.31,0,,65.24
txn_sw_bitlock,128,16384,8192,3,249.60,0,0,67.78
txn_sw_nodelock,128,16384,8192,3,177.99,0,0,73.73
rculist_nodelock,160,20480,10240,3,237.13,0,0,72.86
txn_sw_mutex,160,20480,10240,3,1.11,0,,80.88
txn_list,160,20480,10240,3,234.89,0,,87.13
txn_sw_bitlock,160,20480,10240,3,249.73,0,0,87.15
txn_sw_nodelock,160,20480,10240,3,228.37,0,0,93.63
rculist_nodelock,191,24448,12224,3,328.37,0,0,99.34
txn_sw_mutex,191,24448,12224,3,1.11,0,,119.27
txn_list,191,24448,12224,3,333.70,0,,125.10
txn_sw_bitlock,191,24448,12224,3,359.18,0,0,133.34
txn_sw_nodelock,191,24448,12224,3,317.02,0,0,150.67
rculist_nodelock,192,24576,12288,3,405.59,0,0,156.70
txn_sw_mutex,192,24576,12288,3,1.09,0,,162.25
txn_list,192,24576,12288,3,358.87,0,,152.84
txn_sw_bitlock,192,24576,12288,3,385.38,0,0,156.62
txn_sw_nodelock,192,24576,12288,3,330.61,0,0,171.67
txn_sw_mutex,1,128,64,4,12.08,0,,176.82
txn_list,1,128,64,4,9.67,0,,162.74
txn_sw_bitlock,1,128,64,4,10.26,0,0,137.96
txn_sw_nodelock,1,128,64,4,10.25,0,0,127.07
rculist_nodelock,1,128,64,4,16.14,0,0,117.05
txn_sw_mutex,2,256,128,4,7.30,0,,99.36
txn_list,2,256,128,4,15.00,0,,91.65
txn_sw_bitlock,2,256,128,4,19.33,0,0,84.55
txn_sw_nodelock,2,256,128,4,18.40,0,0,72.16
rculist_nodelock,2,256,128,4,27.70,0,0,66.63
txn_sw_mutex,4,512,256,4,4.87,0,,61.53
txn_list,4,512,256,4,26.51,0,,52.31
txn_sw_bitlock,4,512,256,4,34.01,0,0,48.52
txn_sw_nodelock,4,512,256,4,30.51,0,0,45.04
rculist_nodelock,4,512,256,4,36.97,0,0,38.59
txn_sw_mutex,8,1024,512,4,3.99,0,,35.90
txn_list,8,1024,512,4,51.48,0,,33.58
txn_sw_bitlock,8,1024,512,4,60.58,0,0,29.21
txn_sw_nodelock,8,1024,512,4,55.05,0,0,27.67
rculist_nodelock,8,1024,512,4,62.14,0,0,26.42
txn_sw_mutex,16,2048,1024,4,1.96,0,,24.36
txn_list,16,2048,1024,4,54.62,0,,23.61
txn_sw_bitlock,16,2048,1024,4,58.81,0,0,23.08
txn_sw_nodelock,16,2048,1024,4,59.74,0,0,22.15
rculist_nodelock,16,2048,1024,4,59.61,0,0,21.73
txn_sw_mutex,32,4096,2048,4,1.78,0,,21.35
txn_list,32,4096,2048,4,104.25,0,,22.83
txn_sw_bitlock,32,4096,2048,4,122.44,0,0,24.37
txn_sw_nodelock,32,4096,2048,4,109.78,0,0,26.18
rculist_nodelock,32,4096,2048,4,129.93,0,0,28.19
txn_sw_mutex,64,8192,4096,4,1.55,0,,28.57
txn_list,64,8192,4096,4,138.93,0,,31.09
txn_sw_bitlock,64,8192,4096,4,147.46,0,0,40.98
txn_sw_nodelock,64,8192,4096,4,140.19,0,0,42.91
rculist_nodelock,64,8192,4096,4,166.39,0,0,44.68
txn_sw_mutex,96,12288,6144,4,1.49,0,,48.19
txn_list,96,12288,6144,4,191.87,0,,52.02
txn_sw_bitlock,96,12288,6144,4,206.60,0,0,56.66
txn_sw_nodelock,96,12288,6144,4,196.97,0,0,63.49
rculist_nodelock,96,12288,6144,4,265.88,0,0,72.18
txn_sw_mutex,128,16384,8192,4,1.30,0,,76.49
txn_list,128,16384,8192,4,187.41,0,,84.49
txn_sw_bitlock,128,16384,8192,4,197.88,0,0,89.10
txn_sw_nodelock,128,16384,8192,4,221.45,0,0,93.17
rculist_nodelock,128,16384,8192,4,197.42,0,0,99.46
txn_sw_mutex,160,20480,10240,4,1.01,0,,102.23
txn_list,160,20480,10240,4,234.50,0,,106.78
txn_sw_bitlock,160,20480,10240,4,250.03,0,0,116.34
txn_sw_nodelock,160,20480,10240,4,227.17,0,0,124.48
rculist_nodelock,160,20480,10240,4,257.73,0,0,128.04
txn_sw_mutex,191,24448,12224,4,1.11,0,,141.61
txn_list,191,24448,12224,4,331.96,0,,145.64
txn_sw_bitlock,191,24448,12224,4,361.03,0,0,151.52
txn_sw_nodelock,191,24448,12224,4,317.27,0,0,145.35
rculist_nodelock,191,24448,12224,4,338.56,0,0,150.53
txn_sw_mutex,192,24576,12288,4,1.14,0,,163.30
txn_list,192,24576,12288,4,355.29,0,,165.60
txn_sw_bitlock,192,24576,12288,4,385.11,0,0,170.35
txn_sw_nodelock,192,24576,12288,4,336.34,0,0,175.62
rculist_nodelock,192,24576,12288,4,401.82,0,0,179.26
txn_list,1,128,64,5,9.67,0,,181.96
txn_sw_bitlock,1,128,64,5,10.30,0,0,154.22
txn_sw_nodelock,1,128,64,5,10.12,0,0,142.03
rculist_nodelock,1,128,64,5,16.24,0,0,130.73
txn_sw_mutex,1,128,64,5,12.12,0,,110.87
txn_list,2,256,128,5,15.05,0,,102.15
txn_sw_bitlock,2,256,128,5,19.36,0,0,94.21
txn_sw_nodelock,2,256,128,5,18.28,0,0,80.27
rculist_nodelock,2,256,128,5,27.29,0,0,74.16
txn_sw_mutex,2,256,128,5,7.32,0,,63.14
txn_list,4,512,256,5,26.54,0,,58.24
txn_sw_bitlock,4,512,256,5,34.05,0,0,53.98
txn_sw_nodelock,4,512,256,5,30.48,0,0,46.45
rculist_nodelock,4,512,256,5,36.76,0,0,43.13
txn_sw_mutex,4,512,256,5,4.88,0,,40.15
txn_list,8,1024,512,5,51.58,0,,37.42
txn_sw_bitlock,8,1024,512,5,60.34,0,0,32.39
txn_sw_nodelock,8,1024,512,5,55.22,0,0,30.51
rculist_nodelock,8,1024,512,5,62.27,0,0,28.79
txn_sw_mutex,8,1024,512,5,3.99,0,,25.24
txn_list,16,2048,1024,5,55.59,0,,23.70
txn_sw_bitlock,16,2048,1024,5,57.58,0,0,23.24
txn_sw_nodelock,16,2048,1024,5,59.61,0,0,21.10
rculist_nodelock,16,2048,1024,5,59.85,0,0,20.77
txn_sw_mutex,16,2048,1024,5,1.97,0,,20.47
txn_list,32,4096,2048,5,105.53,0,,18.52
txn_sw_bitlock,32,4096,2048,5,125.18,0,0,19.68
txn_sw_nodelock,32,4096,2048,5,112.04,0,0,21.07
rculist_nodelock,32,4096,2048,5,129.45,0,0,23.72
txn_sw_mutex,32,4096,2048,5,1.86,0,,26.62
txn_list,64,8192,4096,5,139.30,0,,26.97
txn_sw_bitlock,64,8192,4096,5,150.16,0,0,33.29
txn_sw_nodelock,64,8192,4096,5,140.06,0,0,35.91
rculist_nodelock,64,8192,4096,5,166.54,0,0,38.64
txn_sw_mutex,64,8192,4096,5,1.52,0,,43.22
txn_list,96,12288,6144,5,192.51,0,,44.88
txn_sw_bitlock,96,12288,6144,5,207.57,0,0,50.26
txn_sw_nodelock,96,12288,6144,5,197.26,0,0,60.60
rculist_nodelock,96,12288,6144,5,266.55,0,0,63.76
txn_sw_mutex,96,12288,6144,5,1.49,0,,67.70
txn_list,128,16384,8192,5,186.82,0,,72.05
txn_sw_bitlock,128,16384,8192,5,198.26,0,0,79.65
txn_sw_nodelock,128,16384,8192,5,217.97,0,0,84.64
rculist_nodelock,128,16384,8192,5,196.88,0,0,93.21
txn_sw_mutex,128,16384,8192,5,1.31,0,,99.20
txn_list,160,20480,10240,5,235.59,0,,101.59
txn_sw_bitlock,160,20480,10240,5,250.84,0,0,112.68
txn_sw_nodelock,160,20480,10240,5,227.40,0,0,118.79
rculist_nodelock,160,20480,10240,5,257.37,0,0,122.81
txn_sw_mutex,160,20480,10240,5,1.06,0,,117.70
txn_list,191,24448,12224,5,331.65,0,,121.08
txn_sw_bitlock,191,24448,12224,5,360.21,0,0,120.23
txn_sw_nodelock,191,24448,12224,5,317.82,0,0,128.14
rculist_nodelock,191,24448,12224,5,342.68,0,0,134.69
txn_sw_mutex,191,24448,12224,5,1.12,0,,146.30
txn_list,192,24576,12288,5,357.18,0,,149.88
txn_sw_bitlock,192,24576,12288,5,386.14,0,0,154.22
txn_sw_nodelock,192,24576,12288,5,332.34,0,0,147.08
rculist_nodelock,192,24576,12288,5,400.64,0,0,152.28
txn_sw_mutex,192,24576,12288,5,1.14,0,,160.32
