layout,mode,engine,run,x,read_mvisits,write_mops,viol
walk,mixed,rculist_mutex,1,1,877.8,14.70,0
walk,mixed,rculist_mutex,1,2,1756.5,12.70,0
walk,mixed,rculist_mutex,1,4,3501.4,12.36,0
walk,mixed,rculist_mutex,1,8,4099.5,4.17,0
walk,mixed,rculist_mutex,1,16,8405.8,3.78,0
walk,mixed,rculist_mutex,1,32,15116.8,3.67,0
walk,mixed,rculist_mutex,1,64,28888.6,3.71,0
walk,mixed,rculist_mutex,1,96,41595.5,2.75,0
walk,mixed,rculist_mutex,1,128,56750.5,2.63,0
walk,mixed,rculist_mutex,1,160,77316.6,2.22,0
walk,mixed,rculist_mutex,1,191,99783.5,1.77,0
walk,noread,rculist_mutex,1,0,0.0,22.61,0
walk,mixed,txn_mutex,1,1,795.6,6.89,0
walk,mixed,txn_mutex,1,2,1596.2,6.71,0
walk,mixed,txn_mutex,1,4,3190.6,6.48,0
walk,mixed,txn_mutex,1,8,4879.1,2.70,0
walk,mixed,txn_mutex,1,16,9711.4,2.94,0
walk,mixed,txn_mutex,1,32,19644.5,2.46,0
walk,mixed,txn_mutex,1,64,39909.7,2.18,0
walk,mixed,txn_mutex,1,96,60433.2,1.67,0
walk,mixed,txn_mutex,1,128,78586.9,1.59,0
walk,mixed,txn_mutex,1,160,98841.1,1.50,0
walk,mixed,txn_mutex,1,191,119071.3,1.34,0
walk,noread,txn_mutex,1,0,0.0,7.59,0
scattered,mixed,rculist_mutex,1,1,217.4,16.58,0
scattered,mixed,rculist_mutex,1,2,433.1,15.37,0
scattered,mixed,rculist_mutex,1,4,865.8,14.78,0
scattered,mixed,rculist_mutex,1,8,886.6,5.35,0
scattered,mixed,rculist_mutex,1,16,1833.1,4.99,0
scattered,mixed,rculist_mutex,1,32,3733.3,4.65,0
scattered,mixed,rculist_mutex,1,64,7340.8,4.65,0
scattered,mixed,rculist_mutex,1,96,8487.7,4.09,0
scattered,mixed,rculist_mutex,1,128,10129.0,3.96,0
scattered,mixed,rculist_mutex,1,160,12685.8,3.87,0
scattered,mixed,rculist_mutex,1,191,15398.1,3.68,0
scattered,noread,rculist_mutex,1,0,0.0,23.27,0
scattered,mixed,txn_mutex,1,1,238.1,6.80,0
scattered,mixed,txn_mutex,1,2,478.7,6.59,0
scattered,mixed,txn_mutex,1,4,960.1,6.55,0
scattered,mixed,txn_mutex,1,8,1367.2,2.77,0
scattered,mixed,txn_mutex,1,16,2662.5,2.69,0
scattered,mixed,txn_mutex,1,32,5579.5,2.41,0
scattered,mixed,txn_mutex,1,64,11042.2,2.29,0
scattered,mixed,txn_mutex,1,96,12687.6,2.06,0
scattered,mixed,txn_mutex,1,128,14772.4,2.01,0
scattered,mixed,txn_mutex,1,160,17624.2,2.04,0
scattered,mixed,txn_mutex,1,191,22507.2,1.85,0
scattered,noread,txn_mutex,1,0,0.0,7.60,0
walk,mixed,txn_mutex,2,1,797.8,6.77,0
walk,mixed,txn_mutex,2,2,1591.7,6.63,0
walk,mixed,txn_mutex,2,4,3194.0,6.50,0
walk,mixed,txn_mutex,2,8,4723.1,3.04,0
walk,mixed,txn_mutex,2,16,9641.4,2.76,0
walk,mixed,txn_mutex,2,32,19442.0,2.43,0
walk,mixed,txn_mutex,2,64,39084.7,2.46,0
walk,mixed,txn_mutex,2,96,60904.7,1.68,0
walk,mixed,txn_mutex,2,128,79003.2,1.60,0
walk,mixed,txn_mutex,2,160,98353.3,1.52,0
walk,mixed,txn_mutex,2,191,119385.0,1.35,0
walk,noread,txn_mutex,2,0,0.0,7.63,0
walk,mixed,rculist_mutex,2,1,881.1,14.68,0
walk,mixed,rculist_mutex,2,2,1760.8,12.88,0
walk,mixed,rculist_mutex,2,4,3508.8,12.33,0
walk,mixed,rculist_mutex,2,8,4162.1,4.02,0
walk,mixed,rculist_mutex,2,16,9017.9,3.61,0
walk,mixed,rculist_mutex,2,32,14884.6,3.56,0
walk,mixed,rculist_mutex,2,64,26190.0,3.63,0
walk,mixed,rculist_mutex,2,96,41820.6,2.67,0
walk,mixed,rculist_mutex,2,128,56160.7,2.60,0
walk,mixed,rculist_mutex,2,160,79053.8,2.15,0
walk,mixed,rculist_mutex,2,191,92462.4,1.95,0
walk,noread,rculist_mutex,2,0,0.0,23.64,0
scattered,mixed,txn_mutex,2,1,238.0,6.82,0
scattered,mixed,txn_mutex,2,2,479.8,6.50,0
scattered,mixed,txn_mutex,2,4,960.6,6.56,0
scattered,mixed,txn_mutex,2,8,1349.7,2.59,0
scattered,mixed,txn_mutex,2,16,2775.6,2.48,0
scattered,mixed,txn_mutex,2,32,5224.7,2.58,0
scattered,mixed,txn_mutex,2,64,10640.4,2.39,0
scattered,mixed,txn_mutex,2,96,13345.3,2.04,0
scattered,mixed,txn_mutex,2,128,14717.2,2.00,0
scattered,mixed,txn_mutex,2,160,17376.1,2.04,0
scattered,mixed,txn_mutex,2,191,22343.3,1.94,0
scattered,noread,txn_mutex,2,0,0.0,7.58,0
scattered,mixed,rculist_mutex,2,1,217.9,16.61,0
scattered,mixed,rculist_mutex,2,2,433.7,15.35,0
scattered,mixed,rculist_mutex,2,4,866.0,14.77,0
scattered,mixed,rculist_mutex,2,8,853.7,5.26,0
scattered,mixed,rculist_mutex,2,16,1811.1,4.62,0
scattered,mixed,rculist_mutex,2,32,3576.1,4.57,0
scattered,mixed,rculist_mutex,2,64,7279.9,4.18,0
scattered,mixed,rculist_mutex,2,96,8442.2,4.01,0
scattered,mixed,rculist_mutex,2,128,10361.5,3.93,0
scattered,mixed,rculist_mutex,2,160,12610.7,3.83,0
scattered,mixed,rculist_mutex,2,191,15304.4,3.63,0
scattered,noread,rculist_mutex,2,0,0.0,23.40,0
walk,mixed,rculist_mutex,3,1,880.6,14.61,0
walk,mixed,rculist_mutex,3,2,1762.4,12.85,0
walk,mixed,rculist_mutex,3,4,3512.9,12.38,0
walk,mixed,rculist_mutex,3,8,4626.0,3.79,0
walk,mixed,rculist_mutex,3,16,8684.9,4.02,0
walk,mixed,rculist_mutex,3,32,17029.5,3.77,0
walk,mixed,rculist_mutex,3,64,33297.3,3.10,0
walk,mixed,rculist_mutex,3,96,44023.9,2.66,0
walk,mixed,rculist_mutex,3,128,58206.0,2.60,0
walk,mixed,rculist_mutex,3,160,75333.5,2.27,0
walk,mixed,rculist_mutex,3,191,91277.2,2.00,0
walk,noread,rculist_mutex,3,0,0.0,23.96,0
walk,mixed,txn_mutex,3,1,796.1,6.70,0
walk,mixed,txn_mutex,3,2,1592.2,6.66,0
walk,mixed,txn_mutex,3,4,3196.8,6.54,0
walk,mixed,txn_mutex,3,8,4829.5,2.95,0
walk,mixed,txn_mutex,3,16,9763.8,2.93,0
walk,mixed,txn_mutex,3,32,19651.7,2.47,0
walk,mixed,txn_mutex,3,64,39758.1,2.19,0
walk,mixed,txn_mutex,3,96,57063.5,1.83,0
walk,mixed,txn_mutex,3,128,78595.1,1.59,0
walk,mixed,txn_mutex,3,160,99430.4,1.41,0
walk,mixed,txn_mutex,3,191,118484.2,1.38,0
walk,noread,txn_mutex,3,0,0.0,7.65,0
scattered,mixed,rculist_mutex,3,1,218.2,16.38,0
scattered,mixed,rculist_mutex,3,2,434.3,15.39,0
scattered,mixed,rculist_mutex,3,4,866.3,14.81,0
scattered,mixed,rculist_mutex,3,8,854.4,5.26,0
scattered,mixed,rculist_mutex,3,16,1798.5,4.80,0
scattered,mixed,rculist_mutex,3,32,3591.5,4.58,0
scattered,mixed,rculist_mutex,3,64,7217.5,4.21,0
scattered,mixed,rculist_mutex,3,96,8439.9,4.01,0
scattered,mixed,rculist_mutex,3,128,10442.4,3.92,0
scattered,mixed,rculist_mutex,3,160,12647.7,3.89,0
scattered,mixed,rculist_mutex,3,191,15137.4,3.70,0
scattered,noread,rculist_mutex,3,0,0.0,23.39,0
scattered,mixed,txn_mutex,3,1,238.1,6.72,0
scattered,mixed,txn_mutex,3,2,479.2,6.63,0
scattered,mixed,txn_mutex,3,4,959.3,6.59,0
scattered,mixed,txn_mutex,3,8,1272.4,2.58,0
scattered,mixed,txn_mutex,3,16,2656.9,2.34,0
scattered,mixed,txn_mutex,3,32,4953.9,2.39,0
scattered,mixed,txn_mutex,3,64,10696.7,2.15,0
scattered,mixed,txn_mutex,3,96,15013.9,1.98,0
scattered,mixed,txn_mutex,3,128,15366.0,2.02,0
scattered,mixed,txn_mutex,3,160,18151.4,2.03,0
scattered,mixed,txn_mutex,3,191,22223.4,1.93,0
scattered,noread,txn_mutex,3,0,0.0,7.57,0
walk,mixed,txn_mutex,4,1,795.8,6.90,0
walk,mixed,txn_mutex,4,2,1592.3,6.74,0
walk,mixed,txn_mutex,4,4,3195.7,6.50,0
walk,mixed,txn_mutex,4,8,4694.7,3.03,0
walk,mixed,txn_mutex,4,16,9648.7,2.50,0
walk,mixed,txn_mutex,4,32,19187.1,2.70,0
walk,mixed,txn_mutex,4,64,38680.2,2.45,0
walk,mixed,txn_mutex,4,96,58380.2,1.73,0
walk,mixed,txn_mutex,4,128,78408.1,1.59,0
walk,mixed,txn_mutex,4,160,97814.5,1.53,0
walk,mixed,txn_mutex,4,191,118376.8,1.37,0
walk,noread,txn_mutex,4,0,0.0,7.64,0
walk,mixed,rculist_mutex,4,1,883.0,14.39,0
walk,mixed,rculist_mutex,4,2,1760.6,12.82,0
walk,mixed,rculist_mutex,4,4,3501.9,10.45,0
walk,mixed,rculist_mutex,4,8,4534.6,4.25,0
walk,mixed,rculist_mutex,4,16,9469.1,3.72,0
walk,mixed,rculist_mutex,4,32,17471.4,3.51,0
walk,mixed,rculist_mutex,4,64,33764.9,3.60,0
walk,mixed,rculist_mutex,4,96,46218.7,2.63,0
walk,mixed,rculist_mutex,4,128,57741.5,2.63,0
walk,mixed,rculist_mutex,4,160,75714.5,2.29,0
walk,mixed,rculist_mutex,4,191,96695.4,1.87,0
walk,noread,rculist_mutex,4,0,0.0,23.44,0
scattered,mixed,txn_mutex,4,1,238.5,6.75,0
scattered,mixed,txn_mutex,4,2,479.2,6.58,0
scattered,mixed,txn_mutex,4,4,960.3,6.48,0
scattered,mixed,txn_mutex,4,8,1315.3,2.49,0
scattered,mixed,txn_mutex,4,16,2673.8,2.42,0
scattered,mixed,txn_mutex,4,32,5068.2,2.48,0
scattered,mixed,txn_mutex,4,64,10221.7,2.36,0
scattered,mixed,txn_mutex,4,96,14502.7,2.01,0
scattered,mixed,txn_mutex,4,128,14827.0,2.05,0
scattered,mixed,txn_mutex,4,160,17986.9,2.03,0
scattered,mixed,txn_mutex,4,191,22619.6,1.83,0
scattered,noread,txn_mutex,4,0,0.0,7.57,0
scattered,mixed,rculist_mutex,4,1,217.5,16.61,0
scattered,mixed,rculist_mutex,4,2,434.3,15.20,0
scattered,mixed,rculist_mutex,4,4,865.8,14.78,0
scattered,mixed,rculist_mutex,4,8,834.7,5.00,0
scattered,mixed,rculist_mutex,4,16,1735.8,4.63,0
scattered,mixed,rculist_mutex,4,32,3462.1,4.46,0
scattered,mixed,rculist_mutex,4,64,6973.5,4.14,0
scattered,mixed,rculist_mutex,4,96,8808.8,3.98,0
scattered,mixed,rculist_mutex,4,128,10614.8,3.89,0
scattered,mixed,rculist_mutex,4,160,12763.9,3.90,0
scattered,mixed,rculist_mutex,4,191,15142.1,3.72,0
scattered,noread,rculist_mutex,4,0,0.0,22.87,0
walk,mixed,rculist_mutex,5,1,882.6,14.72,0
walk,mixed,rculist_mutex,5,2,1755.9,12.89,0
walk,mixed,rculist_mutex,5,4,3507.1,12.34,0
walk,mixed,rculist_mutex,5,8,4424.7,4.00,0
walk,mixed,rculist_mutex,5,16,9288.2,3.61,0
walk,mixed,rculist_mutex,5,32,17207.1,3.75,0
walk,mixed,rculist_mutex,5,64,33329.6,3.08,0
walk,mixed,rculist_mutex,5,96,43717.6,2.75,0
walk,mixed,rculist_mutex,5,128,60978.9,2.38,0
walk,mixed,rculist_mutex,5,160,71845.6,2.42,0
walk,mixed,rculist_mutex,5,191,97900.2,1.82,0
walk,noread,rculist_mutex,5,0,0.0,23.38,0
walk,mixed,txn_mutex,5,1,795.9,6.89,0
walk,mixed,txn_mutex,5,2,1596.8,6.61,0
walk,mixed,txn_mutex,5,4,3190.4,6.51,0
walk,mixed,txn_mutex,5,8,4778.5,3.02,0
walk,mixed,txn_mutex,5,16,9717.0,2.59,0
walk,mixed,txn_mutex,5,32,19523.6,2.68,0
walk,mixed,txn_mutex,5,64,39326.1,2.45,0
walk,mixed,txn_mutex,5,96,60545.8,1.70,0
walk,mixed,txn_mutex,5,128,78602.8,1.61,0
walk,mixed,txn_mutex,5,160,98565.5,1.52,0
walk,mixed,txn_mutex,5,191,118496.9,1.38,0
walk,noread,txn_mutex,5,0,0.0,7.59,0
scattered,mixed,rculist_mutex,5,1,217.2,16.62,0
scattered,mixed,rculist_mutex,5,2,434.0,15.41,0
scattered,mixed,rculist_mutex,5,4,866.8,14.81,0
scattered,mixed,rculist_mutex,5,8,863.9,5.20,0
scattered,mixed,rculist_mutex,5,16,1832.1,4.72,0
scattered,mixed,rculist_mutex,5,32,3687.9,4.38,0
scattered,mixed,rculist_mutex,5,64,7157.5,4.39,0
scattered,mixed,rculist_mutex,5,96,9659.8,3.86,0
scattered,mixed,rculist_mutex,5,128,10186.6,3.93,0
scattered,mixed,rculist_mutex,5,160,12661.2,3.88,0
scattered,mixed,rculist_mutex,5,191,15176.6,3.69,0
scattered,noread,rculist_mutex,5,0,0.0,23.44,0
scattered,mixed,txn_mutex,5,1,238.4,6.81,0
scattered,mixed,txn_mutex,5,2,478.0,6.63,0
scattered,mixed,txn_mutex,5,4,958.8,6.55,0
scattered,mixed,txn_mutex,5,8,1318.4,2.47,0
scattered,mixed,txn_mutex,5,16,2586.5,2.53,0
scattered,mixed,txn_mutex,5,32,5509.6,2.29,0
scattered,mixed,txn_mutex,5,64,11150.8,2.18,0
scattered,mixed,txn_mutex,5,96,14368.3,2.01,0
scattered,mixed,txn_mutex,5,128,15313.1,1.98,0
scattered,mixed,txn_mutex,5,160,18026.7,2.03,0
scattered,mixed,txn_mutex,5,191,22717.9,1.83,0
scattered,noread,txn_mutex,5,0,0.0,7.19,0
