engine,writers,role,category,pct_of_process,units_per_update
txn_sw_list,1,main,call_rcu_plumbing,0.10,0.4
txn_sw_list,1,main,kernel,1.64,6.4
txn_sw_list,1,main,node_allocation,0.01,0.0
txn_sw_list,1,main,other,0.00,0.0
txn_sw_list,1,worker,call_rcu_plumbing,0.97,3.8
txn_sw_list,1,worker,kernel,0.19,0.8
txn_sw_list,1,worker,node_allocation,24.55,96.4
txn_sw_list,1,worker,other,0.05,0.2
txn_sw_list,1,writer,call_rcu_plumbing,7.38,29.0
txn_sw_list,1,writer,commit,10.53,41.3
txn_sw_list,1,writer,descriptor_slab,11.81,46.3
txn_sw_list,1,writer,kernel,0.60,2.4
txn_sw_list,1,writer,node_allocation,15.96,62.7
txn_sw_list,1,writer,other,0.18,0.7
txn_sw_list,1,writer,txn_staging,7.94,31.2
txn_sw_list,1,writer,write_fn,18.10,71.0
rculist,1,main,call_rcu_plumbing,0.13,0.3
rculist,1,main,kernel,2.04,4.5
rculist,1,main,node_allocation,0.00,0.0
rculist,1,main,other,0.00,0.0
rculist,1,worker,call_rcu_plumbing,0.90,2.0
rculist,1,worker,kernel,0.38,0.8
rculist,1,worker,node_allocation,44.78,99.1
rculist,1,worker,other,0.08,0.2
rculist,1,writer,call_rcu_plumbing,6.60,14.6
rculist,1,writer,kernel,0.42,0.9
rculist,1,writer,node_allocation,11.92,26.4
rculist,1,writer,other,0.20,0.4
rculist,1,writer,write_fn,32.54,72.0
txn_sw_list,192,main,call_rcu_plumbing,0.14,71.6
txn_sw_list,192,main,descriptor_slab,0.00,2.0
txn_sw_list,192,main,kernel,0.12,57.8
txn_sw_list,192,main,node_allocation,0.24,117.6
txn_sw_list,192,main,other,0.00,1.6
txn_sw_list,192,worker,call_rcu_plumbing,0.12,61.5
txn_sw_list,192,worker,descriptor_slab,0.00,2.4
txn_sw_list,192,worker,kernel,0.08,38.2
txn_sw_list,192,worker,node_allocation,0.20,99.5
txn_sw_list,192,worker,other,0.00,1.8
txn_sw_list,192,writer,call_rcu_plumbing,1.07,528.5
txn_sw_list,192,writer,commit,33.86,16723.0
txn_sw_list,192,writer,descriptor_slab,26.93,13298.1
txn_sw_list,192,writer,kernel,1.15,569.0
txn_sw_list,192,writer,node_allocation,5.93,2929.0
txn_sw_list,192,writer,other,0.01,2.6
txn_sw_list,192,writer,txn_staging,0.50,246.6
txn_sw_list,192,writer,write_fn,29.63,14634.4
rculist,192,main,call_rcu_plumbing,0.00,0.0
rculist,192,main,kernel,0.00,0.1
rculist,192,main,node_allocation,0.03,0.5
rculist,192,main,other,0.00,0.0
rculist,192,worker,call_rcu_plumbing,0.33,5.3
rculist,192,worker,kernel,0.15,2.4
rculist,192,worker,node_allocation,6.79,108.2
rculist,192,worker,other,0.04,0.6
rculist,192,writer,call_rcu_plumbing,6.91,110.1
rculist,192,writer,kernel,0.80,12.8
rculist,192,writer,node_allocation,7.83,124.8
rculist,192,writer,other,0.07,1.1
rculist,192,writer,write_fn,77.04,1227.5
