cond,arm,rep,mops,viol,thp_fault_alloc,thp_fault_fallback,thp_collapse_alloc,compact_stall
base,bit,1,144.53,0,0,203,0,0
base,rcu,1,257.75,0,0,242,0,0
thp,bit,1,146.80,0,0,0,0,0
thp,rcu,1,243.86,0,0,0,0,0
qcap0,bit,1,141.44,0,0,218,0,0
qcap0,rcu,1,149.09,0,0,227,0,0
thp,bit,2,147.08,0,0,0,0,0
thp,rcu,2,244.22,0,0,0,0,0
qcap0,bit,2,180.88,0,0,248,0,0
qcap0,rcu,2,149.43,0,0,228,0,0
base,bit,2,144.63,0,0,203,0,0
base,rcu,2,146.59,0,0,205,0,0
qcap0,bit,3,141.70,0,0,211,0,0
qcap0,rcu,3,148.68,0,0,223,0,0
base,bit,3,144.50,0,0,204,0,0
base,rcu,3,146.31,0,0,222,0,8
thp,bit,3,198.69,0,0,0,0,0
thp,rcu,3,244.04,0,0,0,0,3
base,bit,4,145.34,0,0,204,0,0
base,rcu,4,146.48,0,0,221,0,0
thp,bit,4,147.18,0,0,0,0,0
thp,rcu,4,145.64,0,0,0,0,0
qcap0,bit,4,141.09,0,0,212,0,0
qcap0,rcu,4,149.10,0,0,226,0,0
thp,bit,5,147.96,0,0,0,0,0
thp,rcu,5,244.14,0,0,0,0,0
qcap0,bit,5,179.62,0,0,259,0,0
qcap0,rcu,5,242.98,0,0,287,0,0
base,bit,5,145.09,0,0,203,0,0
base,rcu,5,146.75,0,0,213,0,0
qcap0,bit,6,141.59,0,0,225,0,0
qcap0,rcu,6,239.85,0,0,288,0,0
base,bit,6,145.52,0,0,206,0,0
base,rcu,6,146.92,0,0,217,0,0
thp,bit,6,147.13,0,0,0,0,0
thp,rcu,6,243.30,0,0,0,0,0
