panel,arm,cores,b,keys_per_sl,run,mmoves_s,ns_per_keymove,status
fixed,old-sole,1,3840,3840,1,1.2831,779.361,ok
fixed,old-sole,1,3840,3840,2,1.27161,786.405,ok
fixed,old-sole,1,3840,3840,3,1.28308,779.377,ok
fixed,old-sole,1,3840,3840,4,1.28314,779.338,ok
fixed,old-sole,1,3840,3840,5,1.28314,779.338,ok
fixed,old-helping,1,3840,3840,1,1.21411,823.647,ok
fixed,old-helping,1,3840,3840,2,1.21981,819.797,ok
fixed,old-helping,1,3840,3840,3,1.21407,823.673,ok
fixed,old-helping,1,3840,3840,4,1.21979,819.81,ok
fixed,old-helping,1,3840,3840,5,1.21407,823.674,ok
fixed,pin-sole,1,3840,3840,1,1.30611,765.634,ok
fixed,pin-sole,1,3840,3840,2,1.28887,775.875,ok
fixed,pin-sole,1,3840,3840,3,1.30038,769.004,ok
fixed,pin-sole,1,3840,3840,4,1.28889,775.86,ok
fixed,pin-sole,1,3840,3840,5,1.30036,769.018,ok
fixed,old-sole,2,1920,3840,1,2.53171,789.979,ok
fixed,old-sole,2,1920,3840,2,2.51729,794.505,ok
fixed,old-sole,2,1920,3840,3,2.53747,788.186,ok
fixed,old-sole,2,1920,3840,4,2.52589,791.8,ok
fixed,old-sole,2,1920,3840,5,2.5288,790.89,ok
fixed,old-helping,2,1920,3840,1,2.39939,833.544,ok
fixed,old-helping,2,1920,3840,2,2.40515,831.548,ok
fixed,old-helping,2,1920,3840,3,2.41094,829.553,ok
fixed,old-helping,2,1920,3840,4,2.40227,832.548,ok
fixed,old-helping,2,1920,3840,5,2.40513,831.557,ok
fixed,pin-sole,2,1920,3840,1,2.55765,781.966,ok
fixed,pin-sole,2,1920,3840,2,2.56051,781.095,ok
fixed,pin-sole,2,1920,3840,3,2.55755,781.998,ok
fixed,pin-sole,2,1920,3840,4,2.56332,780.237,ok
fixed,pin-sole,2,1920,3840,5,2.55754,782.002,ok
fixed,old-sole,4,960,3840,1,4.92535,812.124,ok
fixed,old-sole,4,960,3840,2,4.9239,812.365,ok
fixed,old-sole,4,960,3840,3,4.91383,814.029,ok
fixed,old-sole,4,960,3840,4,4.91959,813.076,ok
fixed,old-sole,4,960,3840,5,4.92531,812.132,ok
fixed,old-helping,4,960,3840,1,4.69372,852.203,ok
fixed,old-helping,4,960,3840,2,4.70095,850.893,ok
fixed,old-helping,4,960,3840,3,4.67503,855.609,ok
fixed,old-helping,4,960,3840,4,4.68516,853.759,ok
fixed,old-helping,4,960,3840,5,4.69377,852.194,ok
fixed,pin-sole,4,960,3840,1,4.96982,804.857,ok
fixed,pin-sole,4,960,3840,2,4.94248,809.31,ok
fixed,pin-sole,4,960,3840,3,4.93114,811.172,ok
fixed,pin-sole,4,960,3840,4,4.95251,807.672,ok
fixed,pin-sole,4,960,3840,5,4.97856,803.445,ok
fixed,old-sole,8,480,3840,1,9.55564,837.202,ok
fixed,old-sole,8,480,3840,2,9.54078,838.506,ok
fixed,old-sole,8,480,3840,3,9.57936,835.129,ok
fixed,old-sole,8,480,3840,4,9.56738,836.175,ok
fixed,old-sole,8,480,3840,5,9.52638,839.774,ok
fixed,old-helping,8,480,3840,1,9.11353,877.816,ok
fixed,old-helping,8,480,3840,2,9.09986,879.135,ok
fixed,old-helping,8,480,3840,3,9.08341,880.727,ok
fixed,old-helping,8,480,3840,4,9.08317,880.749,ok
fixed,old-helping,8,480,3840,5,9.09116,879.976,ok
fixed,pin-sole,8,480,3840,1,9.61029,832.441,ok
fixed,pin-sole,8,480,3840,2,9.64728,829.25,ok
fixed,pin-sole,8,480,3840,3,9.66996,827.305,ok
fixed,pin-sole,8,480,3840,4,9.59674,833.616,ok
fixed,pin-sole,8,480,3840,5,9.59239,833.995,ok
fixed,old-sole,16,240,3840,1,17.046,938.639,ok
fixed,old-sole,16,240,3840,2,17.01,940.624,ok
fixed,old-sole,16,240,3840,3,17.0819,936.665,ok
fixed,old-sole,16,240,3840,4,16.9515,943.871,ok
fixed,old-sole,16,240,3840,5,17.0348,939.252,ok
fixed,old-helping,16,240,3840,1,15.8133,1011.81,ok
fixed,old-helping,16,240,3840,2,15.7777,1014.09,ok
fixed,old-helping,16,240,3840,3,15.7811,1013.87,ok
fixed,old-helping,16,240,3840,4,15.7834,1013.72,ok
fixed,old-helping,16,240,3840,5,15.8148,1011.71,ok
fixed,pin-sole,16,240,3840,1,17.3452,922.445,ok
fixed,pin-sole,16,240,3840,2,17.4029,919.387,ok
fixed,pin-sole,16,240,3840,3,17.2903,925.376,ok
fixed,pin-sole,16,240,3840,4,17.4369,917.596,ok
fixed,pin-sole,16,240,3840,5,17.4064,919.203,ok
fixed,old-sole,32,120,3840,1,28.2456,1132.92,ok
fixed,old-sole,32,120,3840,2,28.3328,1129.43,ok
fixed,old-sole,32,120,3840,3,28.3253,1129.73,ok
fixed,old-sole,32,120,3840,4,28.3413,1129.09,ok
fixed,old-sole,32,120,3840,5,28.2515,1132.68,ok
fixed,old-helping,32,120,3840,1,25.5094,1254.44,ok
fixed,old-helping,32,120,3840,2,25.5708,1251.43,ok
fixed,old-helping,32,120,3840,3,25.5308,1253.39,ok
fixed,old-helping,32,120,3840,4,25.4731,1256.22,ok
fixed,old-helping,32,120,3840,5,25.4732,1256.22,ok
fixed,pin-sole,32,120,3840,1,28.9349,1105.93,ok
fixed,pin-sole,32,120,3840,2,28.9125,1106.79,ok
fixed,pin-sole,32,120,3840,3,28.6349,1117.52,ok
fixed,pin-sole,32,120,3840,4,28.6446,1117.14,ok
fixed,pin-sole,32,120,3840,5,28.5763,1119.81,ok
fixed,old-sole,64,60,3840,1,40.2045,1591.86,ok
fixed,old-sole,64,60,3840,2,40.1487,1594.07,ok
fixed,old-sole,64,60,3840,3,40.8565,1566.46,ok
fixed,old-sole,64,60,3840,4,40.7836,1569.26,ok
fixed,old-sole,64,60,3840,5,40.8492,1566.74,ok
fixed,old-helping,64,60,3840,1,35.8504,1785.2,ok
fixed,old-helping,64,60,3840,2,35.7473,1790.34,ok
fixed,old-helping,64,60,3840,3,35.7801,1788.7,ok
fixed,old-helping,64,60,3840,4,35.8229,1786.57,ok
fixed,old-helping,64,60,3840,5,35.0155,1827.76,ok
fixed,pin-sole,64,60,3840,1,41.743,1533.19,ok
fixed,pin-sole,64,60,3840,2,41.8989,1527.49,ok
fixed,pin-sole,64,60,3840,3,41.8965,1527.57,ok
fixed,pin-sole,64,60,3840,4,41.7688,1532.24,ok
fixed,pin-sole,64,60,3840,5,41.8676,1528.63,ok
fixed,old-sole,96,40,3840,1,46.302,2073.34,ok
fixed,old-sole,96,40,3840,2,46.1093,2082.01,ok
fixed,old-sole,96,40,3840,3,46.1135,2081.82,ok
fixed,old-sole,96,40,3840,4,46.3342,2071.9,ok
fixed,old-sole,96,40,3840,5,46.1771,2078.95,ok
fixed,old-helping,96,40,3840,1,39.4594,2432.88,ok
fixed,old-helping,96,40,3840,2,39.3034,2442.54,ok
fixed,old-helping,96,40,3840,3,39.5071,2429.94,ok
fixed,old-helping,96,40,3840,4,39.5036,2430.16,ok
fixed,old-helping,96,40,3840,5,39.5251,2428.84,ok
fixed,pin-sole,96,40,3840,1,46.4614,2066.23,ok
fixed,pin-sole,96,40,3840,2,46.4241,2067.89,ok
fixed,pin-sole,96,40,3840,3,46.4769,2065.54,ok
fixed,pin-sole,96,40,3840,4,46.5546,2062.09,ok
fixed,pin-sole,96,40,3840,5,46.5183,2063.7,ok
fixed,old-sole,128,30,3840,1,42.3558,3022.01,ok
fixed,old-sole,128,30,3840,2,42.2124,3032.28,ok
fixed,old-sole,128,30,3840,3,42.1823,3034.45,ok
fixed,old-sole,128,30,3840,4,42.3402,3023.13,ok
fixed,old-sole,128,30,3840,5,42.225,3031.38,ok
fixed,old-helping,128,30,3840,1,35.9,3565.46,ok
fixed,old-helping,128,30,3840,2,35.9193,3563.54,ok
fixed,old-helping,128,30,3840,3,35.9664,3558.87,ok
fixed,old-helping,128,30,3840,4,35.9069,3564.78,ok
fixed,old-helping,128,30,3840,5,35.963,3559.21,ok
fixed,pin-sole,128,30,3840,1,43.2474,2959.71,ok
fixed,pin-sole,128,30,3840,2,43.3244,2954.46,ok
fixed,pin-sole,128,30,3840,3,43.2512,2959.45,ok
fixed,pin-sole,128,30,3840,4,43.4458,2946.2,ok
fixed,pin-sole,128,30,3840,5,43.2124,2962.11,ok
fixed,old-sole,192,20,3840,1,40.928,4691.16,ok
fixed,old-sole,192,20,3840,2,40.4112,4751.16,ok
fixed,old-sole,192,20,3840,3,40.8975,4694.66,ok
fixed,old-sole,192,20,3840,4,40.6957,4717.95,ok
fixed,old-sole,192,20,3840,5,40.8122,4704.47,ok
fixed,old-helping,192,20,3840,1,33.332,5760.22,ok
fixed,old-helping,192,20,3840,2,33.5311,5726.03,ok
fixed,old-helping,192,20,3840,3,33.5516,5722.53,ok
fixed,old-helping,192,20,3840,4,33.4185,5745.32,ok
fixed,old-helping,192,20,3840,5,33.3552,5756.23,ok
fixed,pin-sole,192,20,3840,1,42.0857,4562.12,ok
fixed,pin-sole,192,20,3840,2,42.1554,4554.57,ok
fixed,pin-sole,192,20,3840,3,42.0466,4566.36,ok
fixed,pin-sole,192,20,3840,4,42.1214,4558.26,ok
fixed,pin-sole,192,20,3840,5,41.543,4621.72,ok
size,old-sole,192,5,960,1,17.1853,11172.3,ok
size,old-sole,192,5,960,2,17.3835,11045,ok
size,old-sole,192,5,960,3,17.3749,11050.4,ok
size,old-sole,192,5,960,4,17.4431,11007.2,ok
size,old-sole,192,5,960,5,17.3025,11096.6,ok
size,old-helping,192,5,960,1,13.766,13947.4,ok
size,old-helping,192,5,960,2,13.7899,13923.2,ok
size,old-helping,192,5,960,3,13.7539,13959.6,ok
size,old-helping,192,5,960,4,13.734,13979.9,ok
size,old-helping,192,5,960,5,13.7927,13920.4,ok
size,old-sole,192,10,1920,1,28.9295,6636.82,ok
size,old-sole,192,10,1920,2,28.9027,6642.97,ok
size,old-sole,192,10,1920,3,28.6692,6697.08,ok
size,old-sole,192,10,1920,4,28.837,6658.12,ok
size,old-sole,192,10,1920,5,28.7698,6673.66,ok
size,old-helping,192,10,1920,1,22.0942,8690.05,ok
size,old-helping,192,10,1920,2,22.0906,8691.48,ok
size,old-helping,192,10,1920,3,22.7527,8438.57,ok
size,old-helping,192,10,1920,4,22.7971,8422.13,ok
size,old-helping,192,10,1920,5,22.7145,8452.75,ok
size,old-sole,192,20,3840,1,40.7276,4714.25,ok
size,old-sole,192,20,3840,2,40.9005,4694.32,ok
size,old-sole,192,20,3840,3,40.8733,4697.44,ok
size,old-sole,192,20,3840,4,40.9478,4688.9,ok
size,old-sole,192,20,3840,5,40.817,4703.92,ok
size,old-helping,192,20,3840,1,33.4096,5746.85,ok
size,old-helping,192,20,3840,2,33.5046,5730.56,ok
size,old-helping,192,20,3840,3,33.4617,5737.91,ok
size,old-helping,192,20,3840,4,33.3757,5752.69,ok
size,old-helping,192,20,3840,5,33.2006,5783.02,ok
size,old-sole,192,40,7680,1,47.4354,4047.61,ok
size,old-sole,192,40,7680,2,47.2594,4062.68,ok
size,old-sole,192,40,7680,3,47.2271,4065.46,ok
size,old-sole,192,40,7680,4,47.3382,4055.92,ok
size,old-sole,192,40,7680,5,47.3659,4053.55,ok
size,old-helping,192,40,7680,1,40.9695,4686.41,ok
size,old-helping,192,40,7680,2,40.7979,4706.12,ok
size,old-helping,192,40,7680,3,41.0628,4675.77,ok
size,old-helping,192,40,7680,4,40.8625,4698.69,ok
size,old-helping,192,40,7680,5,40.9433,4689.42,ok
size,old-sole,192,80,15360,1,48.747,3938.7,ok
size,old-sole,192,80,15360,2,48.8314,3931.89,ok
size,old-sole,192,80,15360,3,48.9253,3924.35,ok
size,old-sole,192,80,15360,4,48.7382,3939.41,ok
size,old-sole,192,80,15360,5,49.0401,3915.17,ok
size,old-helping,192,80,15360,1,43.7302,4390.56,ok
size,old-helping,192,80,15360,2,43.636,4400.04,ok
size,old-helping,192,80,15360,3,43.6144,4402.22,ok
size,old-helping,192,80,15360,4,43.648,4398.83,ok
size,old-helping,192,80,15360,5,43.5015,4413.64,ok
lane,pin-sole,64,60,3840,1,40.9388,1563.31,ok
lane,pin-sole,64,60,3840,2,41.09,1557.56,ok
lane,pin-sole,64,60,3840,3,41.0649,1558.51,ok
lane,pin-sole,64,60,3840,4,41.8957,1527.6,ok
lane,pin-sole,64,60,3840,5,41.8292,1530.03,ok
lane,pin-serial,64,60,3840,1,0.138214,463050,ok
lane,pin-serial,64,60,3840,2,0.0690504,926859,ok
lane,pin-serial,64,60,3840,3,0.0690502,926861,ok
lane,pin-serial,64,60,3840,4,0.097816,654290,ok
lane,pin-serial,64,60,3840,5,0.0575383,1.1123e+06,ok
lane,pin-sole,96,40,3840,1,46.4513,2066.68,ok
lane,pin-sole,96,40,3840,2,46.5741,2061.23,ok
lane,pin-sole,96,40,3840,3,46.5498,2062.31,ok
lane,pin-sole,96,40,3840,4,46.5213,2063.57,ok
lane,pin-sole,96,40,3840,5,46.4982,2064.59,ok
lane,pin-serial,96,40,3840,1,0.0460329,2.08546e+06,ok
lane,pin-serial,96,40,3840,2,0.0460314,2.08553e+06,ok
lane,pin-serial,96,40,3840,3,0.0460321,2.0855e+06,ok
lane,pin-serial,96,40,3840,4,0.0460316,2.08552e+06,ok
lane,pin-serial,96,40,3840,5,0.0460313,2.08554e+06,ok
lane,pin-sole,128,30,3840,1,43.3418,2953.27,ok
lane,pin-sole,128,30,3840,2,43.352,2952.57,ok
lane,pin-sole,128,30,3840,3,43.3403,2953.37,ok
lane,pin-sole,128,30,3840,4,43.2808,2957.43,ok
lane,pin-sole,128,30,3840,5,43.3874,2950.16,ok
lane,pin-serial,128,30,3840,1,0.0447745,2.85877e+06,ok
lane,pin-serial,128,30,3840,2,0.0448195,2.8559e+06,ok
lane,pin-serial,128,30,3840,3,0.0460316,2.7807e+06,ok
lane,pin-serial,128,30,3840,4,0.0460326,2.78064e+06,ok
lane,pin-serial,128,30,3840,5,0.0402791,3.17783e+06,ok
lane,pin-sole,192,20,3840,1,42.0446,4566.57,ok
lane,pin-sole,192,20,3840,2,42.0492,4566.08,ok
lane,pin-sole,192,20,3840,3,42.0418,4566.89,ok
lane,pin-sole,192,20,3840,4,42.0311,4568.05,ok
lane,pin-sole,192,20,3840,5,42.1715,4552.84,ok
lane,pin-serial,192,20,3840,1,0.0402788,4.76678e+06,ok
lane,pin-serial,192,20,3840,2,0.0402787,4.76679e+06,ok
lane,pin-serial,192,20,3840,3,0.0402791,4.76674e+06,ok
lane,pin-serial,192,20,3840,4,0.0402785,4.76681e+06,ok
lane,pin-serial,192,20,3840,5,0.0403194,4.76198e+06,ok
