sweep,arm,writers,readers,list_size,churn,run,write_mops,read_mvisits,violations,loadavg,status
scaling,txn_list,1,0,128,64,1,6.38,0.0,0,1.66,ok
scaling,txn_list,1,0,128,64,2,6.54,0.0,0,1.61,ok
scaling,txn_list,1,0,128,64,3,6.24,0.0,0,1.61,ok
scaling,txn_list,1,0,128,64,4,6.52,0.0,0,1.56,ok
scaling,txn_list,1,0,128,64,5,6.40,0.0,0,1.56,ok
scaling,txn_sw_list,1,0,128,64,1,6.23,0.0,0,1.51,ok
scaling,txn_sw_list,1,0,128,64,2,6.18,0.0,0,1.51,ok
scaling,txn_sw_list,1,0,128,64,3,6.25,0.0,0,1.55,ok
scaling,txn_sw_list,1,0,128,64,4,6.22,0.0,0,1.55,ok
scaling,txn_sw_list,1,0,128,64,5,6.10,0.0,0,1.59,ok
scaling,mutex,1,0,128,64,1,117.74,0.0,0,1.59,ok
scaling,mutex,1,0,128,64,2,118.03,0.0,0,1.59,ok
scaling,mutex,1,0,128,64,3,113.82,0.0,0,1.62,ok
scaling,mutex,1,0,128,64,4,118.03,0.0,0,1.62,ok
scaling,mutex,1,0,128,64,5,113.74,0.0,0,1.57,ok
scaling,txn_list,2,0,256,128,1,9.95,0.0,0,1.57,ok
scaling,txn_list,2,0,256,128,2,9.95,0.0,0,1.77,ok
scaling,txn_list,2,0,256,128,3,9.98,0.0,0,1.77,ok
scaling,txn_list,2,0,256,128,4,9.95,0.0,0,1.78,ok
scaling,txn_list,2,0,256,128,5,10.02,0.0,0,1.78,ok
scaling,txn_sw_list,2,0,256,128,1,5.32,0.0,0,1.88,ok
scaling,txn_sw_list,2,0,256,128,2,5.42,0.0,0,1.88,ok
scaling,txn_sw_list,2,0,256,128,3,5.23,0.0,0,1.89,ok
scaling,txn_sw_list,2,0,256,128,4,5.47,0.0,0,1.89,ok
scaling,txn_sw_list,2,0,256,128,5,5.43,0.0,0,1.98,ok
scaling,mutex,2,0,256,128,1,19.10,0.0,0,1.98,ok
scaling,mutex,2,0,256,128,2,19.27,0.0,0,1.98,ok
scaling,mutex,2,0,256,128,3,18.97,0.0,0,1.98,ok
scaling,mutex,2,0,256,128,4,19.37,0.0,0,2.06,ok
scaling,mutex,2,0,256,128,5,19.09,0.0,0,2.06,ok
scaling,txn_list,4,0,512,256,1,17.29,0.0,0,2.06,ok
scaling,txn_list,4,0,512,256,2,17.58,0.0,0,2.38,ok
scaling,txn_list,4,0,512,256,3,17.44,0.0,0,2.43,ok
scaling,txn_list,4,0,512,256,4,17.65,0.0,0,2.43,ok
scaling,txn_list,4,0,512,256,5,17.62,0.0,0,2.72,ok
scaling,txn_sw_list,4,0,512,256,1,3.93,0.0,0,3.06,ok
scaling,txn_sw_list,4,0,512,256,2,3.94,0.0,0,3.06,ok
scaling,txn_sw_list,4,0,512,256,3,3.92,0.0,0,3.21,ok
scaling,txn_sw_list,4,0,512,256,4,3.94,0.0,0,3.21,ok
scaling,txn_sw_list,4,0,512,256,5,3.90,0.0,0,3.20,ok
scaling,mutex,4,0,512,256,1,11.63,0.0,0,3.20,ok
scaling,mutex,4,0,512,256,2,11.79,0.0,0,3.20,ok
scaling,mutex,4,0,512,256,3,11.61,0.0,0,3.18,ok
scaling,mutex,4,0,512,256,4,11.82,0.0,0,3.18,ok
scaling,mutex,4,0,512,256,5,11.91,0.0,0,3.17,ok
scaling,txn_list,8,0,1024,512,1,35.59,0.0,0,3.17,ok
scaling,txn_list,8,0,1024,512,2,35.76,0.0,0,4.11,ok
scaling,txn_list,8,0,1024,512,3,35.54,0.0,0,3.86,ok
scaling,txn_list,8,0,1024,512,4,35.01,0.0,0,3.86,ok
scaling,txn_list,8,0,1024,512,5,35.50,0.0,0,4.36,ok
scaling,txn_sw_list,8,0,1024,512,1,3.25,0.0,0,4.09,ok
scaling,txn_sw_list,8,0,1024,512,2,3.21,0.0,0,4.09,ok
scaling,txn_sw_list,8,0,1024,512,3,3.24,0.0,0,4.24,ok
scaling,txn_sw_list,8,0,1024,512,4,3.24,0.0,0,4.24,ok
scaling,txn_sw_list,8,0,1024,512,5,3.24,0.0,0,4.24,ok
scaling,mutex,8,0,1024,512,1,12.68,0.0,0,4.46,ok
scaling,mutex,8,0,1024,512,2,12.69,0.0,0,4.46,ok
scaling,mutex,8,0,1024,512,3,12.49,0.0,0,4.59,ok
scaling,mutex,8,0,1024,512,4,12.60,0.0,0,4.59,ok
scaling,mutex,8,0,1024,512,5,12.72,0.0,0,4.70,ok
scaling,txn_list,16,0,2048,1024,1,43.43,0.0,0,4.70,ok
scaling,txn_list,16,0,2048,1024,2,43.55,0.0,0,4.88,ok
scaling,txn_list,16,0,2048,1024,3,47.50,0.0,0,4.88,ok
scaling,txn_list,16,0,2048,1024,4,43.90,0.0,0,4.81,ok
scaling,txn_list,16,0,2048,1024,5,45.97,0.0,0,4.81,ok
scaling,txn_sw_list,16,0,2048,1024,1,1.47,0.0,0,6.19,ok
scaling,txn_sw_list,16,0,2048,1024,2,1.46,0.0,0,6.19,ok
scaling,txn_sw_list,16,0,2048,1024,3,1.47,0.0,0,6.81,ok
scaling,txn_sw_list,16,0,2048,1024,4,1.46,0.0,0,6.81,ok
scaling,txn_sw_list,16,0,2048,1024,5,1.46,0.0,0,6.81,ok
scaling,mutex,16,0,2048,1024,1,3.10,0.0,0,7.55,ok
scaling,mutex,16,0,2048,1024,2,3.03,0.0,0,7.55,ok
scaling,mutex,16,0,2048,1024,3,3.17,0.0,0,8.15,ok
scaling,mutex,16,0,2048,1024,4,3.08,0.0,0,8.15,ok
scaling,mutex,16,0,2048,1024,5,3.08,0.0,0,8.54,ok
scaling,txn_list,32,0,4096,2048,1,88.46,0.0,0,8.54,ok
scaling,txn_list,32,0,4096,2048,2,76.96,0.0,0,7.93,ok
scaling,txn_list,32,0,4096,2048,3,76.60,0.0,0,7.93,ok
scaling,txn_list,32,0,4096,2048,4,76.58,0.0,0,10.58,ok
scaling,txn_list,32,0,4096,2048,5,76.92,0.0,0,10.58,ok
scaling,txn_sw_list,32,0,4096,2048,1,1.80,0.0,0,9.81,ok
scaling,txn_sw_list,32,0,4096,2048,2,1.19,0.0,0,9.81,ok
scaling,txn_sw_list,32,0,4096,2048,3,1.23,0.0,0,9.81,ok
scaling,txn_sw_list,32,0,4096,2048,4,1.79,0.0,0,11.43,ok
scaling,txn_sw_list,32,0,4096,2048,5,1.78,0.0,0,11.43,ok
scaling,mutex,32,0,4096,2048,1,3.78,0.0,0,13.08,ok
scaling,mutex,32,0,4096,2048,2,1.96,0.0,0,13.08,ok
scaling,mutex,32,0,4096,2048,3,1.96,0.0,0,14.43,ok
scaling,mutex,32,0,4096,2048,4,1.87,0.0,0,14.43,ok
scaling,mutex,32,0,4096,2048,5,1.82,0.0,0,15.84,ok
scaling,txn_list,64,0,8192,4096,1,102.83,0.0,0,15.84,ok
scaling,txn_list,64,0,8192,4096,2,104.03,0.0,0,15.84,ok
scaling,txn_list,64,0,8192,4096,3,104.06,0.0,0,21.86,ok
scaling,txn_list,64,0,8192,4096,4,102.67,0.0,0,21.86,ok
scaling,txn_list,64,0,8192,4096,5,103.65,0.0,0,27.40,ok
scaling,txn_sw_list,64,0,8192,4096,1,1.05,0.0,0,27.40,ok
scaling,txn_sw_list,64,0,8192,4096,2,0.95,0.0,0,30.17,ok
scaling,txn_sw_list,64,0,8192,4096,3,1.04,0.0,0,30.17,ok
scaling,txn_sw_list,64,0,8192,4096,4,1.60,0.0,0,32.88,ok
scaling,txn_sw_list,64,0,8192,4096,5,1.04,0.0,0,32.88,ok
scaling,mutex,64,0,8192,4096,1,1.25,0.0,0,35.61,ok
scaling,mutex,64,0,8192,4096,2,1.33,0.0,0,35.61,ok
scaling,mutex,64,0,8192,4096,3,1.34,0.0,0,35.61,ok
scaling,mutex,64,0,8192,4096,4,1.30,0.0,0,37.80,ok
scaling,mutex,64,0,8192,4096,5,2.61,0.0,0,37.80,ok
scaling,txn_list,96,0,12288,6144,1,133.28,0.0,0,39.82,ok
scaling,txn_list,96,0,12288,6144,2,132.94,0.0,0,39.82,ok
scaling,txn_list,96,0,12288,6144,3,172.96,0.0,0,44.56,ok
scaling,txn_list,96,0,12288,6144,4,134.05,0.0,0,44.56,ok
scaling,txn_list,96,0,12288,6144,5,134.30,0.0,0,54.85,ok
scaling,txn_sw_list,96,0,12288,6144,1,1.01,0.0,0,54.85,ok
scaling,txn_sw_list,96,0,12288,6144,2,1.51,0.0,0,58.06,ok
scaling,txn_sw_list,96,0,12288,6144,3,0.90,0.0,0,58.06,ok
scaling,txn_sw_list,96,0,12288,6144,4,1.35,0.0,0,58.06,ok
scaling,txn_sw_list,96,0,12288,6144,5,1.51,0.0,0,61.02,ok
scaling,mutex,96,0,12288,6144,1,1.17,0.0,0,61.02,ok
scaling,mutex,96,0,12288,6144,2,2.46,0.0,0,63.82,ok
scaling,mutex,96,0,12288,6144,3,1.31,0.0,0,63.82,ok
scaling,mutex,96,0,12288,6144,4,1.15,0.0,0,66.24,ok
scaling,mutex,96,0,12288,6144,5,2.52,0.0,0,66.24,ok
scaling,txn_list,128,0,16384,8192,1,176.24,0.0,0,66.24,ok
scaling,txn_list,128,0,16384,8192,2,176.17,0.0,0,68.62,ok
scaling,txn_list,128,0,16384,8192,3,201.76,0.0,0,68.62,ok
scaling,txn_list,128,0,16384,8192,4,179.04,0.0,0,63.21,ok
scaling,txn_list,128,0,16384,8192,5,177.60,0.0,0,63.21,ok
scaling,txn_sw_list,128,0,16384,8192,1,1.12,0.0,0,74.00,ok
scaling,txn_sw_list,128,0,16384,8192,2,0.92,0.0,0,74.00,ok
scaling,txn_sw_list,128,0,16384,8192,3,0.98,0.0,0,78.16,ok
scaling,txn_sw_list,128,0,16384,8192,4,1.13,0.0,0,78.16,ok
scaling,txn_sw_list,128,0,16384,8192,5,0.99,0.0,0,82.08,ok
scaling,mutex,128,0,16384,8192,1,1.78,0.0,0,82.08,ok
scaling,mutex,128,0,16384,8192,2,1.39,0.0,0,85.67,ok
scaling,mutex,128,0,16384,8192,3,1.80,0.0,0,85.67,ok
scaling,mutex,128,0,16384,8192,4,1.78,0.0,0,85.67,ok
scaling,mutex,128,0,16384,8192,5,1.39,0.0,0,78.89,ok
scaling,txn_list,160,0,20480,10240,1,210.37,0.0,0,78.89,ok
scaling,txn_list,160,0,20480,10240,2,220.22,0.0,0,88.99,ok
scaling,txn_list,160,0,20480,10240,3,223.61,0.0,0,88.99,ok
scaling,txn_list,160,0,20480,10240,4,210.46,0.0,0,103.89,ok
scaling,txn_list,160,0,20480,10240,5,222.61,0.0,0,103.89,ok
scaling,txn_sw_list,160,0,20480,10240,1,1.03,0.0,0,113.18,ok
scaling,txn_sw_list,160,0,20480,10240,2,1.03,0.0,0,113.18,ok
scaling,txn_sw_list,160,0,20480,10240,3,0.98,0.0,0,116.85,ok
scaling,txn_sw_list,160,0,20480,10240,4,1.03,0.0,0,116.85,ok
scaling,txn_sw_list,160,0,20480,10240,5,0.98,0.0,0,120.23,ok
scaling,mutex,160,0,20480,10240,1,1.56,0.0,0,120.23,ok
scaling,mutex,160,0,20480,10240,2,1.75,0.0,0,123.33,ok
scaling,mutex,160,0,20480,10240,3,1.55,0.0,0,123.33,ok
scaling,mutex,160,0,20480,10240,4,1.53,0.0,0,123.33,ok
scaling,mutex,160,0,20480,10240,5,1.52,0.0,0,126.19,ok
scaling,txn_list,191,0,24448,12224,1,258.77,0.0,0,126.19,ok
scaling,txn_list,191,0,24448,12224,2,299.10,0.0,0,133.78,ok
scaling,txn_list,191,0,24448,12224,3,301.85,0.0,0,123.15,ok
scaling,txn_list,191,0,24448,12224,4,297.52,0.0,0,123.15,ok
scaling,txn_list,191,0,24448,12224,5,301.49,0.0,0,130.42,ok
scaling,txn_sw_list,191,0,24448,12224,1,1.01,0.0,0,130.42,ok
scaling,txn_sw_list,191,0,24448,12224,2,1.00,0.0,0,135.36,ok
scaling,txn_sw_list,191,0,24448,12224,3,1.02,0.0,0,135.36,ok
scaling,txn_sw_list,191,0,24448,12224,4,1.02,0.0,0,139.81,ok
scaling,txn_sw_list,191,0,24448,12224,5,1.00,0.0,0,139.81,ok
scaling,mutex,191,0,24448,12224,1,1.64,0.0,0,143.83,ok
scaling,mutex,191,0,24448,12224,2,1.74,0.0,0,143.83,ok
scaling,mutex,191,0,24448,12224,3,1.75,0.0,0,143.83,ok
scaling,mutex,191,0,24448,12224,4,1.73,0.0,0,146.65,ok
scaling,mutex,191,0,24448,12224,5,1.64,0.0,0,146.65,ok
scaling,txn_list,192,0,24576,12288,1,303.30,0.0,0,150.36,ok
scaling,txn_list,192,0,24576,12288,2,322.12,0.0,0,150.36,ok
scaling,txn_list,192,0,24576,12288,3,318.18,0.0,0,156.58,ok
scaling,txn_list,192,0,24576,12288,4,321.34,0.0,0,144.12,ok
scaling,txn_list,192,0,24576,12288,5,322.72,0.0,0,144.12,ok
scaling,txn_sw_list,192,0,24576,12288,1,1.02,0.0,0,149.95,ok
scaling,txn_sw_list,192,0,24576,12288,2,1.01,0.0,0,149.95,ok
scaling,txn_sw_list,192,0,24576,12288,3,1.02,0.0,0,153.24,ok
scaling,txn_sw_list,192,0,24576,12288,4,1.02,0.0,0,153.24,ok
scaling,txn_sw_list,192,0,24576,12288,5,1.02,0.0,0,156.35,ok
scaling,mutex,192,0,24576,12288,1,1.73,0.0,0,156.35,ok
scaling,mutex,192,0,24576,12288,2,1.69,0.0,0,159.20,ok
scaling,mutex,192,0,24576,12288,3,1.70,0.0,0,159.20,ok
scaling,mutex,192,0,24576,12288,4,1.70,0.0,0,159.20,ok
scaling,mutex,192,0,24576,12288,5,1.64,0.0,0,161.35,ok
contention,txn_list,1,0,2000,1000,1,3.91,0.0,0,161.35,ok
contention,txn_list,1,0,2000,1000,2,3.99,0.0,0,148.59,ok
contention,txn_list,1,0,2000,1000,3,3.94,0.0,0,148.59,ok
contention,txn_list,1,0,2000,1000,4,3.97,0.0,0,136.85,ok
contention,txn_list,1,0,2000,1000,5,3.99,0.0,0,136.85,ok
contention,txn_sw_list,1,0,2000,1000,1,7.43,0.0,0,126.05,ok
contention,txn_sw_list,1,0,2000,1000,2,6.98,0.0,0,126.05,ok
contention,txn_sw_list,1,0,2000,1000,3,7.04,0.0,0,116.12,ok
contention,txn_sw_list,1,0,2000,1000,4,7.09,0.0,0,116.12,ok
contention,txn_sw_list,1,0,2000,1000,5,7.24,0.0,0,116.12,ok
contention,mutex,1,0,2000,1000,1,110.00,0.0,0,106.98,ok
contention,mutex,1,0,2000,1000,2,111.87,0.0,0,106.98,ok
contention,mutex,1,0,2000,1000,3,110.56,0.0,0,98.49,ok
contention,mutex,1,0,2000,1000,4,111.46,0.0,0,98.49,ok
contention,mutex,1,0,2000,1000,5,112.28,0.0,0,90.68,ok
contention,txn_list,2,0,2000,1000,1,5.98,0.0,0,90.68,ok
contention,txn_list,2,0,2000,1000,2,6.05,0.0,0,83.50,ok
contention,txn_list,2,0,2000,1000,3,6.05,0.0,0,83.50,ok
contention,txn_list,2,0,2000,1000,4,6.11,0.0,0,77.05,ok
contention,txn_list,2,0,2000,1000,5,6.06,0.0,0,77.05,ok
contention,txn_sw_list,2,0,2000,1000,1,5.43,0.0,0,71.12,ok
contention,txn_sw_list,2,0,2000,1000,2,5.32,0.0,0,71.12,ok
contention,txn_sw_list,2,0,2000,1000,3,5.38,0.0,0,65.51,ok
contention,txn_sw_list,2,0,2000,1000,4,6.28,0.0,0,65.51,ok
contention,txn_sw_list,2,0,2000,1000,5,5.37,0.0,0,60.50,ok
contention,mutex,2,0,2000,1000,1,20.57,0.0,0,60.50,ok
contention,mutex,2,0,2000,1000,2,20.80,0.0,0,55.82,ok
contention,mutex,2,0,2000,1000,3,20.54,0.0,0,55.82,ok
contention,mutex,2,0,2000,1000,4,20.56,0.0,0,55.82,ok
contention,mutex,2,0,2000,1000,5,20.67,0.0,0,51.51,ok
contention,txn_list,4,0,2000,1000,1,10.29,0.0,0,51.51,ok
contention,txn_list,4,0,2000,1000,2,10.25,0.0,0,47.78,ok
contention,txn_list,4,0,2000,1000,3,10.16,0.0,0,44.04,ok
contention,txn_list,4,0,2000,1000,4,10.27,0.0,0,44.04,ok
contention,txn_list,4,0,2000,1000,5,10.17,0.0,0,40.99,ok
contention,txn_sw_list,4,0,2000,1000,1,4.09,0.0,0,37.87,ok
contention,txn_sw_list,4,0,2000,1000,2,4.08,0.0,0,37.87,ok
contention,txn_sw_list,4,0,2000,1000,3,4.05,0.0,0,35.16,ok
contention,txn_sw_list,4,0,2000,1000,4,4.08,0.0,0,35.16,ok
contention,txn_sw_list,4,0,2000,1000,5,4.09,0.0,0,32.66,ok
contention,mutex,4,0,2000,1000,1,16.97,0.0,0,32.66,ok
contention,mutex,4,0,2000,1000,2,17.03,0.0,0,32.66,ok
contention,mutex,4,0,2000,1000,3,17.06,0.0,0,30.36,ok
contention,mutex,4,0,2000,1000,4,16.91,0.0,0,30.36,ok
contention,mutex,4,0,2000,1000,5,16.77,0.0,0,28.17,ok
contention,txn_list,8,0,2000,1000,1,17.51,0.0,0,28.17,ok
contention,txn_list,8,0,2000,1000,2,17.96,0.0,0,26.64,ok
contention,txn_list,8,0,2000,1000,3,17.94,0.0,0,24.58,ok
contention,txn_list,8,0,2000,1000,4,17.44,0.0,0,24.58,ok
contention,txn_list,8,0,2000,1000,5,17.08,0.0,0,23.34,ok
contention,txn_sw_list,8,0,2000,1000,1,3.36,0.0,0,23.34,ok
contention,txn_sw_list,8,0,2000,1000,2,3.34,0.0,0,21.55,ok
contention,txn_sw_list,8,0,2000,1000,3,3.37,0.0,0,21.55,ok
contention,txn_sw_list,8,0,2000,1000,4,3.37,0.0,0,20.38,ok
contention,txn_sw_list,8,0,2000,1000,5,3.33,0.0,0,20.38,ok
contention,mutex,8,0,2000,1000,1,13.37,0.0,0,19.23,ok
contention,mutex,8,0,2000,1000,2,13.40,0.0,0,19.23,ok
contention,mutex,8,0,2000,1000,3,13.26,0.0,0,18.25,ok
contention,mutex,8,0,2000,1000,4,13.35,0.0,0,18.25,ok
contention,mutex,8,0,2000,1000,5,13.37,0.0,0,18.25,ok
contention,txn_list,16,0,2000,1000,1,16.21,0.0,0,17.11,ok
contention,txn_list,16,0,2000,1000,2,16.32,0.0,0,17.11,ok
contention,txn_list,16,0,2000,1000,3,15.74,0.0,0,15.82,ok
contention,txn_list,16,0,2000,1000,4,16.16,0.0,0,14.79,ok
contention,txn_list,16,0,2000,1000,5,16.16,0.0,0,14.79,ok
contention,txn_sw_list,16,0,2000,1000,1,1.43,0.0,0,14.97,ok
contention,txn_sw_list,16,0,2000,1000,2,1.44,0.0,0,14.97,ok
contention,txn_sw_list,16,0,2000,1000,3,1.45,0.0,0,14.89,ok
contention,txn_sw_list,16,0,2000,1000,4,1.77,0.0,0,14.89,ok
contention,txn_sw_list,16,0,2000,1000,5,1.43,0.0,0,14.82,ok
contention,mutex,16,0,2000,1000,1,3.02,0.0,0,14.82,ok
contention,mutex,16,0,2000,1000,2,3.02,0.0,0,14.82,ok
contention,mutex,16,0,2000,1000,3,3.06,0.0,0,14.91,ok
contention,mutex,16,0,2000,1000,4,3.09,0.0,0,14.91,ok
contention,mutex,16,0,2000,1000,5,3.01,0.0,0,15.00,ok
contention,txn_list,32,0,2000,1000,1,22.95,0.0,0,15.00,ok
contention,txn_list,32,0,2000,1000,2,22.06,0.0,0,17.56,ok
contention,txn_list,32,0,2000,1000,3,21.35,0.0,0,17.56,ok
contention,txn_list,32,0,2000,1000,4,21.50,0.0,0,19.12,ok
contention,txn_list,32,0,2000,1000,5,22.58,0.0,0,19.59,ok
contention,txn_sw_list,32,0,2000,1000,1,1.19,0.0,0,19.59,ok
contention,txn_sw_list,32,0,2000,1000,2,1.17,0.0,0,20.51,ok
contention,txn_sw_list,32,0,2000,1000,3,1.11,0.0,0,20.51,ok
contention,txn_sw_list,32,0,2000,1000,4,1.59,0.0,0,21.43,ok
contention,txn_sw_list,32,0,2000,1000,5,1.11,0.0,0,21.43,ok
contention,mutex,32,0,2000,1000,1,1.87,0.0,0,22.19,ok
contention,mutex,32,0,2000,1000,2,3.76,0.0,0,22.19,ok
contention,mutex,32,0,2000,1000,3,1.87,0.0,0,22.19,ok
contention,mutex,32,0,2000,1000,4,1.83,0.0,0,22.66,ok
contention,mutex,32,0,2000,1000,5,1.90,0.0,0,22.66,ok
contention,txn_list,64,0,2000,1000,1,33.08,0.0,0,23.25,ok
contention,txn_list,64,0,2000,1000,2,32.89,0.0,0,23.25,ok
contention,txn_list,64,0,2000,1000,3,32.70,0.0,0,27.87,ok
contention,txn_list,64,0,2000,1000,4,33.53,0.0,0,31.97,ok
contention,txn_list,64,0,2000,1000,5,32.54,0.0,0,29.49,ok
contention,txn_sw_list,64,0,2000,1000,1,1.42,0.0,0,29.49,ok
contention,txn_sw_list,64,0,2000,1000,2,1.02,0.0,0,32.17,ok
contention,txn_sw_list,64,0,2000,1000,3,0.91,0.0,0,32.17,ok
contention,txn_sw_list,64,0,2000,1000,4,1.02,0.0,0,34.48,ok
contention,txn_sw_list,64,0,2000,1000,5,0.91,0.0,0,34.48,ok
contention,mutex,64,0,2000,1000,1,1.39,0.0,0,34.48,ok
contention,mutex,64,0,2000,1000,2,1.37,0.0,0,36.76,ok
contention,mutex,64,0,2000,1000,3,1.37,0.0,0,36.76,ok
contention,mutex,64,0,2000,1000,4,1.19,0.0,0,38.86,ok
contention,mutex,64,0,2000,1000,5,1.39,0.0,0,38.86,ok
contention,txn_list,96,0,2000,1000,1,41.00,0.0,0,40.88,ok
contention,txn_list,96,0,2000,1000,2,41.03,0.0,0,40.88,ok
contention,txn_list,96,0,2000,1000,3,42.91,0.0,0,47.13,ok
contention,txn_list,96,0,2000,1000,4,41.44,0.0,0,55.45,ok
contention,txn_list,96,0,2000,1000,5,39.12,0.0,0,51.09,ok
contention,txn_sw_list,96,0,2000,1000,1,0.88,0.0,0,51.09,ok
contention,txn_sw_list,96,0,2000,1000,2,0.88,0.0,0,54.45,ok
contention,txn_sw_list,96,0,2000,1000,3,1.54,0.0,0,54.45,ok
contention,txn_sw_list,96,0,2000,1000,4,0.88,0.0,0,57.61,ok
contention,txn_sw_list,96,0,2000,1000,5,0.88,0.0,0,57.61,ok
contention,mutex,96,0,2000,1000,1,1.43,0.0,0,60.69,ok
contention,mutex,96,0,2000,1000,2,1.44,0.0,0,60.69,ok
contention,mutex,96,0,2000,1000,3,2.92,0.0,0,63.44,ok
contention,mutex,96,0,2000,1000,4,1.16,0.0,0,63.44,ok
contention,mutex,96,0,2000,1000,5,1.42,0.0,0,63.44,ok
contention,txn_list,128,0,2000,1000,1,44.04,0.0,0,66.04,ok
contention,txn_list,128,0,2000,1000,2,44.57,0.0,0,60.84,ok
contention,txn_list,128,0,2000,1000,3,45.80,0.0,0,60.84,ok
contention,txn_list,128,0,2000,1000,4,44.73,0.0,0,68.46,ok
contention,txn_list,128,0,2000,1000,5,46.33,0.0,0,76.99,ok
contention,txn_sw_list,128,0,2000,1000,1,1.14,0.0,0,70.90,ok
contention,txn_sw_list,128,0,2000,1000,2,0.92,0.0,0,70.90,ok
contention,txn_sw_list,128,0,2000,1000,3,1.16,0.0,0,75.32,ok
contention,txn_sw_list,128,0,2000,1000,4,0.91,0.0,0,75.32,ok
contention,txn_sw_list,128,0,2000,1000,5,0.91,0.0,0,79.61,ok
contention,mutex,128,0,2000,1000,1,1.92,0.0,0,79.61,ok
contention,mutex,128,0,2000,1000,2,3.67,0.0,0,79.61,ok
contention,mutex,128,0,2000,1000,3,2.87,0.0,0,83.49,ok
contention,mutex,128,0,2000,1000,4,1.94,0.0,0,83.49,ok
contention,mutex,128,0,2000,1000,5,2.06,0.0,0,87.05,ok
contention,txn_list,160,0,2000,1000,1,47.04,0.0,0,87.05,ok
contention,txn_list,160,0,2000,1000,2,49.23,0.0,0,99.06,ok
contention,txn_list,160,0,2000,1000,3,48.01,0.0,0,91.21,ok
contention,txn_list,160,0,2000,1000,4,50.19,0.0,0,91.21,ok
contention,txn_list,160,0,2000,1000,5,49.05,0.0,0,86.31,ok
contention,txn_sw_list,160,0,2000,1000,1,1.07,0.0,0,80.44,ok
contention,txn_sw_list,160,0,2000,1000,2,0.95,0.0,0,80.44,ok
contention,txn_sw_list,160,0,2000,1000,3,0.99,0.0,0,86.81,ok
contention,txn_sw_list,160,0,2000,1000,4,0.99,0.0,0,86.81,ok
contention,txn_sw_list,160,0,2000,1000,5,0.98,0.0,0,93.23,ok
contention,mutex,160,0,2000,1000,1,3.84,0.0,0,93.23,ok
contention,mutex,160,0,2000,1000,2,3.14,0.0,0,93.23,ok
contention,mutex,160,0,2000,1000,3,2.75,0.0,0,98.26,ok
contention,mutex,160,0,2000,1000,4,2.86,0.0,0,98.26,ok
contention,mutex,160,0,2000,1000,5,2.98,0.0,0,103.04,ok
contention,txn_list,191,0,2000,1000,1,51.84,0.0,0,103.04,ok
contention,txn_list,191,0,2000,1000,2,50.10,0.0,0,110.25,ok
contention,txn_list,191,0,2000,1000,3,47.33,0.0,0,101.50,ok
contention,txn_list,191,0,2000,1000,4,49.37,0.0,0,101.50,ok
contention,txn_list,191,0,2000,1000,5,50.91,0.0,0,111.31,ok
contention,txn_sw_list,191,0,2000,1000,1,1.00,0.0,0,102.55,ok
contention,txn_sw_list,191,0,2000,1000,2,0.99,0.0,0,102.55,ok
contention,txn_sw_list,191,0,2000,1000,3,1.00,0.0,0,109.72,ok
contention,txn_sw_list,191,0,2000,1000,4,1.02,0.0,0,109.72,ok
contention,txn_sw_list,191,0,2000,1000,5,0.98,0.0,0,109.72,ok
contention,mutex,191,0,2000,1000,1,4.73,0.0,0,116.23,ok
contention,mutex,191,0,2000,1000,2,4.74,0.0,0,116.23,ok
contention,mutex,191,0,2000,1000,3,4.75,0.0,0,122.05,ok
contention,mutex,191,0,2000,1000,4,4.66,0.0,0,122.05,ok
contention,mutex,191,0,2000,1000,5,4.55,0.0,0,127.50,ok
contention,txn_list,192,0,2000,1000,1,47.10,0.0,0,127.50,ok
contention,txn_list,192,0,2000,1000,2,51.71,0.0,0,117.37,ok
contention,txn_list,192,0,2000,1000,3,51.84,0.0,0,117.37,ok
contention,txn_list,192,0,2000,1000,4,50.98,0.0,0,125.18,ok
contention,txn_list,192,0,2000,1000,5,52.16,0.0,0,115.24,ok
contention,txn_sw_list,192,0,2000,1000,1,1.03,0.0,0,106.09,ok
contention,txn_sw_list,192,0,2000,1000,2,1.03,0.0,0,106.09,ok
contention,txn_sw_list,192,0,2000,1000,3,1.03,0.0,0,106.09,ok
contention,txn_sw_list,192,0,2000,1000,4,1.04,0.0,0,113.29,ok
contention,txn_sw_list,192,0,2000,1000,5,1.03,0.0,0,113.29,ok
contention,mutex,192,0,2000,1000,1,4.71,0.0,0,119.51,ok
contention,mutex,192,0,2000,1000,2,4.82,0.0,0,119.51,ok
contention,mutex,192,0,2000,1000,3,4.31,0.0,0,125.24,ok
contention,mutex,192,0,2000,1000,4,4.66,0.0,0,125.24,ok
contention,mutex,192,0,2000,1000,5,4.80,0.0,0,125.24,ok
readers,txn_list,1,32,128,64,1,0.39,8706.2,0,115.29,ok
readers,txn_list,1,32,128,64,2,0.39,8809.3,0,115.29,ok
readers,txn_list,1,32,128,64,3,0.40,8785.0,0,108.70,ok
readers,txn_list,1,32,128,64,4,0.41,8868.5,0,108.70,ok
readers,txn_list,1,32,128,64,5,0.39,8720.4,0,102.64,ok
readers,txn_sw_list,1,32,128,64,1,2.01,5593.2,0,102.64,ok
readers,txn_sw_list,1,32,128,64,2,1.98,5887.5,0,97.22,ok
readers,txn_sw_list,1,32,128,64,3,1.55,7101.9,0,97.22,ok
readers,txn_sw_list,1,32,128,64,4,1.51,7095.5,0,97.22,ok
readers,txn_sw_list,1,32,128,64,5,1.89,6180.2,0,89.52,ok
readers,mutex,1,32,128,64,1,0.02,182.1,0,89.52,ok
readers,mutex,1,32,128,64,2,0.02,193.0,0,82.83,ok
readers,mutex,1,32,128,64,3,0.02,178.9,0,82.83,ok
readers,mutex,1,32,128,64,4,0.02,170.7,0,76.52,ok
readers,mutex,1,32,128,64,5,0.02,195.6,0,76.52,ok
readers,txn_list,2,32,256,128,1,1.18,4926.7,0,71.83,ok
readers,txn_list,2,32,256,128,2,1.19,4816.4,0,71.83,ok
readers,txn_list,2,32,256,128,3,1.18,4926.0,0,71.83,ok
readers,txn_list,2,32,256,128,4,1.18,4908.5,0,68.80,ok
readers,txn_list,2,32,256,128,5,1.18,4899.5,0,68.80,ok
readers,txn_sw_list,2,32,256,128,1,0.73,12730.3,0,66.09,ok
readers,txn_sw_list,2,32,256,128,2,0.73,12714.6,0,66.09,ok
readers,txn_sw_list,2,32,256,128,3,0.74,12786.7,0,63.52,ok
readers,txn_sw_list,2,32,256,128,4,0.74,12732.1,0,63.52,ok
readers,txn_sw_list,2,32,256,128,5,0.73,12771.5,0,61.16,ok
readers,mutex,2,32,256,128,1,0.02,278.6,0,61.16,ok
readers,mutex,2,32,256,128,2,0.02,274.4,0,61.16,ok
readers,mutex,2,32,256,128,3,0.02,275.5,0,56.66,ok
readers,mutex,2,32,256,128,4,0.02,274.1,0,56.66,ok
readers,mutex,2,32,256,128,5,0.02,277.7,0,52.44,ok
readers,txn_list,4,32,512,256,1,3.69,5156.5,0,52.44,ok
readers,txn_list,4,32,512,256,2,3.71,5095.2,0,51.21,ok
readers,txn_list,4,32,512,256,3,3.71,5095.2,0,51.21,ok
readers,txn_list,4,32,512,256,4,3.69,5166.2,0,50.07,ok
readers,txn_list,4,32,512,256,5,3.70,5172.9,0,50.07,ok
readers,txn_sw_list,4,32,512,256,1,0.86,15307.9,0,50.07,ok
readers,txn_sw_list,4,32,512,256,2,0.86,15345.5,0,48.86,ok
readers,txn_sw_list,4,32,512,256,3,0.86,15322.4,0,48.86,ok
readers,txn_sw_list,4,32,512,256,4,0.87,15365.7,0,47.75,ok
readers,txn_sw_list,4,32,512,256,5,0.86,15295.6,0,47.75,ok
readers,mutex,4,32,512,256,1,0.03,334.5,0,46.81,ok
readers,mutex,4,32,512,256,2,0.02,331.6,0,46.81,ok
readers,mutex,4,32,512,256,3,0.02,332.6,0,43.46,ok
readers,mutex,4,32,512,256,4,0.02,332.7,0,43.46,ok
readers,mutex,4,32,512,256,5,0.02,331.6,0,43.46,ok
readers,txn_list,8,32,1024,512,1,9.19,5147.2,0,40.38,ok
readers,txn_list,8,32,1024,512,2,9.21,5129.1,0,40.38,ok
readers,txn_list,8,32,1024,512,3,9.19,5082.9,0,40.43,ok
readers,txn_list,8,32,1024,512,4,9.20,5175.9,0,40.43,ok
readers,txn_list,8,32,1024,512,5,9.21,5115.8,0,40.56,ok
readers,txn_sw_list,8,32,1024,512,1,0.99,16380.5,0,40.56,ok
readers,txn_sw_list,8,32,1024,512,2,1.05,16678.7,0,40.56,ok
readers,txn_sw_list,8,32,1024,512,3,1.00,16446.0,0,37.47,ok
readers,txn_sw_list,8,32,1024,512,4,0.99,16444.6,0,37.47,ok
readers,txn_sw_list,8,32,1024,512,5,1.00,16461.6,0,37.51,ok
readers,mutex,8,32,1024,512,1,0.04,434.9,0,37.51,ok
readers,mutex,8,32,1024,512,2,0.02,429.0,0,34.75,ok
readers,mutex,8,32,1024,512,3,0.02,434.6,0,34.75,ok
readers,mutex,8,32,1024,512,4,0.02,433.0,0,32.21,ok
readers,mutex,8,32,1024,512,5,0.03,431.6,0,32.21,ok
readers,txn_list,16,32,2048,1024,1,18.38,5126.4,0,32.21,ok
readers,txn_list,16,32,2048,1024,2,17.66,5153.7,0,34.27,ok
readers,txn_list,16,32,2048,1024,3,17.61,5144.8,0,34.27,ok
readers,txn_list,16,32,2048,1024,4,18.36,5100.5,0,35.53,ok
readers,txn_list,16,32,2048,1024,5,18.35,5132.4,0,35.53,ok
readers,txn_sw_list,16,32,2048,1024,1,0.92,17003.5,0,36.61,ok
readers,txn_sw_list,16,32,2048,1024,2,0.82,17004.2,0,36.61,ok
readers,txn_sw_list,16,32,2048,1024,3,0.82,16926.4,0,37.44,ok
readers,txn_sw_list,16,32,2048,1024,4,0.91,16977.3,0,37.44,ok
readers,txn_sw_list,16,32,2048,1024,5,0.79,17063.9,0,37.44,ok
readers,mutex,16,32,2048,1024,1,0.00,489.1,0,34.44,ok
readers,mutex,16,32,2048,1024,2,0.00,486.6,0,34.44,ok
readers,mutex,16,32,2048,1024,3,0.00,496.7,0,31.85,ok
readers,mutex,16,32,2048,1024,4,0.00,488.4,0,31.85,ok
readers,mutex,16,32,2048,1024,5,0.00,487.0,0,29.54,ok
readers,txn_list,32,32,4096,2048,1,35.28,5459.8,0,29.54,ok
readers,txn_list,32,32,4096,2048,2,32.56,5542.6,0,32.70,ok
readers,txn_list,32,32,4096,2048,3,32.58,5553.8,0,32.70,ok
readers,txn_list,32,32,4096,2048,4,35.20,5439.8,0,32.70,ok
readers,txn_list,32,32,4096,2048,5,35.31,5440.2,0,30.16,ok
readers,txn_sw_list,32,32,4096,2048,1,0.75,15048.2,0,30.16,ok
readers,txn_sw_list,32,32,4096,2048,2,0.90,14741.1,0,32.63,ok
readers,txn_sw_list,32,32,4096,2048,3,0.76,15045.4,0,32.63,ok
readers,txn_sw_list,32,32,4096,2048,4,0.74,15083.7,0,34.74,ok
readers,txn_sw_list,32,32,4096,2048,5,0.75,15039.7,0,34.74,ok
readers,mutex,32,32,4096,2048,1,0.00,584.6,0,36.92,ok
readers,mutex,32,32,4096,2048,2,0.00,591.8,0,36.92,ok
readers,mutex,32,32,4096,2048,3,0.00,581.3,0,36.92,ok
readers,mutex,32,32,4096,2048,4,0.00,590.2,0,34.05,ok
readers,mutex,32,32,4096,2048,5,0.00,577.2,0,34.05,ok
readers,txn_list,64,32,8192,4096,1,60.44,5505.2,0,31.48,ok
readers,txn_list,64,32,8192,4096,2,61.15,5435.3,0,31.48,ok
readers,txn_list,64,32,8192,4096,3,70.53,5094.7,0,37.29,ok
readers,txn_list,64,32,8192,4096,4,70.26,5098.8,0,37.29,ok
readers,txn_list,64,32,8192,4096,5,61.19,5431.7,0,42.15,ok
readers,txn_sw_list,64,32,8192,4096,1,0.89,14357.3,0,42.15,ok
readers,txn_sw_list,64,32,8192,4096,2,0.87,14310.1,0,46.38,ok
readers,txn_sw_list,64,32,8192,4096,3,0.87,14213.0,0,46.38,ok
readers,txn_sw_list,64,32,8192,4096,4,0.71,14807.1,0,46.38,ok
readers,txn_sw_list,64,32,8192,4096,5,0.70,14796.9,0,50.92,ok
readers,mutex,64,32,8192,4096,1,0.03,569.1,0,50.92,ok
readers,mutex,64,32,8192,4096,2,0.05,526.8,0,46.92,ok
readers,mutex,64,32,8192,4096,3,0.09,526.7,0,46.92,ok
readers,mutex,64,32,8192,4096,4,0.06,514.3,0,43.24,ok
readers,mutex,64,32,8192,4096,5,0.03,560.0,0,43.24,ok
readers,txn_list,96,32,12288,6144,1,100.62,1599.7,0,39.86,ok
readers,txn_list,96,32,12288,6144,2,101.26,1547.2,0,39.86,ok
readers,txn_list,96,32,12288,6144,3,101.53,1541.5,0,39.86,ok
readers,txn_list,96,32,12288,6144,4,100.70,1555.6,0,49.56,ok
readers,txn_list,96,32,12288,6144,5,101.93,1529.3,0,49.56,ok
readers,txn_sw_list,96,32,12288,6144,1,0.73,13765.0,0,56.08,ok
readers,txn_sw_list,96,32,12288,6144,2,0.68,13838.9,0,56.08,ok
readers,txn_sw_list,96,32,12288,6144,3,0.68,13920.4,0,61.84,ok
readers,txn_sw_list,96,32,12288,6144,4,0.68,13890.3,0,61.84,ok
readers,txn_sw_list,96,32,12288,6144,5,0.68,13675.3,0,67.06,ok
readers,mutex,96,32,12288,6144,1,0.00,576.2,0,67.06,ok
readers,mutex,96,32,12288,6144,2,0.01,558.7,0,61.77,ok
readers,mutex,96,32,12288,6144,3,0.00,567.7,0,61.77,ok
readers,mutex,96,32,12288,6144,4,0.01,563.5,0,61.77,ok
readers,mutex,96,32,12288,6144,5,0.00,554.5,0,56.90,ok
readers,txn_list,128,32,16384,8192,1,169.82,908.2,0,56.90,ok
readers,txn_list,128,32,16384,8192,2,167.29,942.1,0,70.44,ok
readers,txn_list,128,32,16384,8192,3,172.96,883.2,0,70.44,ok
readers,txn_list,128,32,16384,8192,4,168.69,939.0,0,80.50,ok
readers,txn_list,128,32,16384,8192,5,163.81,930.5,0,80.50,ok
readers,txn_sw_list,128,32,16384,8192,1,0.68,10656.1,0,88.55,ok
readers,txn_sw_list,128,32,16384,8192,2,0.67,10944.3,0,88.55,ok
readers,txn_sw_list,128,32,16384,8192,3,0.68,10994.4,0,94.35,ok
readers,txn_sw_list,128,32,16384,8192,4,0.67,10922.3,0,94.35,ok
readers,txn_sw_list,128,32,16384,8192,5,0.68,10754.6,0,94.35,ok
readers,mutex,128,32,16384,8192,1,0.00,643.5,0,86.87,ok
readers,mutex,128,32,16384,8192,2,0.00,628.8,0,86.87,ok
readers,mutex,128,32,16384,8192,3,0.00,617.7,0,80.00,ok
readers,mutex,128,32,16384,8192,4,0.00,625.3,0,80.00,ok
readers,mutex,128,32,16384,8192,5,0.00,620.4,0,73.67,ok
readers,txn_list,160,32,20480,10240,1,197.66,920.7,0,73.67,ok
readers,txn_list,160,32,20480,10240,2,213.29,834.1,0,87.07,ok
readers,txn_list,160,32,20480,10240,3,214.61,855.5,0,87.07,ok
readers,txn_list,160,32,20480,10240,4,216.13,818.8,0,104.20,ok
readers,txn_list,160,32,20480,10240,5,200.58,873.7,0,104.20,ok
readers,txn_sw_list,160,32,20480,10240,1,0.68,7980.9,0,113.63,ok
readers,txn_sw_list,160,32,20480,10240,2,0.68,8028.4,0,113.63,ok
readers,txn_sw_list,160,32,20480,10240,3,0.67,8009.8,0,119.59,ok
readers,txn_sw_list,160,32,20480,10240,4,0.68,7952.3,0,119.59,ok
readers,txn_sw_list,160,32,20480,10240,5,0.68,8082.2,0,119.59,ok
readers,mutex,160,32,20480,10240,1,0.00,665.1,0,125.79,ok
readers,mutex,160,32,20480,10240,2,0.00,665.1,0,125.79,ok
readers,mutex,160,32,20480,10240,3,0.00,667.2,0,115.80,ok
readers,mutex,160,32,20480,10240,4,0.00,644.4,0,115.80,ok
readers,mutex,160,32,20480,10240,5,0.00,660.8,0,106.60,ok
