mode,engine,run,x,read_gvisits,write_mops,viol
read,txn_list,1,1,724.7,0,0
read,txn_list,1,2,1460.8,0,0
read,txn_list,1,4,2929.9,0,0
read,txn_list,1,8,5117.5,0,0
read,txn_list,1,16,10326.4,0,0
read,txn_list,1,32,21116.0,0,0
read,txn_list,1,64,43529.2,0,0
read,txn_list,1,96,61351.3,0,0
read,txn_list,1,128,82878.7,0,0
read,txn_list,1,160,105112.7,0,0
read,txn_list,1,191,122484.2,0,0
write,txn_list,1,1,0,9.33,0
write,txn_list,1,2,0,17.04,0
write,txn_list,1,4,0,29.82,0
write,txn_list,1,8,0,50.77,0
write,txn_list,1,16,0,49.84,0
write,txn_list,1,32,0,49.69,0
write,txn_list,1,64,0,39.79,0
write,txn_list,1,96,0,40.86,0
write,txn_list,1,128,0,52.09,0
write,txn_list,1,160,0,68.37,0
write,txn_list,1,191,0,80.07,0
write,txn_list,1,192,0,83.03,0
5050,txn_list,1,2,723.5,5.26,0
5050,txn_list,1,4,1350.6,9.84,0
5050,txn_list,1,8,2576.7,18.86,0
5050,txn_list,1,16,1642.5,36.50,0
5050,txn_list,1,32,2797.3,37.23,0
5050,txn_list,1,64,5364.9,41.45,0
5050,txn_list,1,96,7914.4,38.37,0
5050,txn_list,1,128,9605.0,30.77,0
5050,txn_list,1,160,11244.8,35.23,0
5050,txn_list,1,192,12625.4,40.11,0
read,txn_list,2,1,723.0,0,0
read,txn_list,2,2,1455.4,0,0
read,txn_list,2,4,2934.5,0,0
read,txn_list,2,8,5142.9,0,0
read,txn_list,2,16,10287.7,0,0
read,txn_list,2,32,21102.0,0,0
read,txn_list,2,64,43416.2,0,0
read,txn_list,2,96,62056.3,0,0
read,txn_list,2,128,83588.4,0,0
read,txn_list,2,160,105511.1,0,0
read,txn_list,2,191,123127.2,0,0
write,txn_list,2,1,0,9.32,0
write,txn_list,2,2,0,17.11,0
write,txn_list,2,4,0,29.85,0
write,txn_list,2,8,0,50.93,0
write,txn_list,2,16,0,51.72,0
write,txn_list,2,32,0,50.92,0
write,txn_list,2,64,0,39.98,0
write,txn_list,2,96,0,40.82,0
write,txn_list,2,128,0,51.91,0
write,txn_list,2,160,0,68.37,0
write,txn_list,2,191,0,79.85,0
write,txn_list,2,192,0,82.43,0
5050,txn_list,2,2,721.4,5.41,0
5050,txn_list,2,4,1354.3,10.16,0
5050,txn_list,2,8,2581.5,18.96,0
5050,txn_list,2,16,1629.3,37.45,0
5050,txn_list,2,32,2782.9,37.47,0
5050,txn_list,2,64,5337.9,41.39,0
5050,txn_list,2,96,7849.0,38.33,0
5050,txn_list,2,128,9590.1,30.70,0
5050,txn_list,2,160,11244.8,35.27,0
5050,txn_list,2,192,12623.6,40.07,0
read,rlu_defer,1,1,487.5,0,0
read,rlu_defer,1,2,938.2,0,0
read,rlu_defer,1,4,1829.5,0,0
read,rlu_defer,1,8,2933.3,0,0
read,rlu_defer,1,16,6217.8,0,0
read,rlu_defer,1,32,12300.1,0,0
read,rlu_defer,1,64,24846.4,0,0
read,rlu_defer,1,96,33776.4,0,0
read,rlu_defer,1,128,43730.1,0,0
read,rlu_defer,1,160,54391.4,0,0
read,rlu_defer,1,191,63112.3,0,0
write,rlu_defer,1,1,0,18.88,0
write,rlu_defer,1,2,0,33.22,0
write,rlu_defer,1,4,0,45.33,0
write,rlu_defer,1,8,0,51.08,0
write,rlu_defer,1,16,0,21.92,0
write,rlu_defer,1,32,0,15.51,0
write,rlu_defer,1,64,0,13.64,0
write,rlu_defer,1,96,0,11.20,0
write,rlu_defer,1,128,0,7.89,0
write,rlu_defer,1,160,0,6.57,0
write,rlu_defer,1,191,0,5.89,0
write,rlu_defer,1,192,0,5.90,0
5050,rlu_defer,1,2,479.7,2.37,0
5050,rlu_defer,1,4,878.5,4.29,0
5050,rlu_defer,1,8,1657.4,4.06,0
5050,rlu_defer,1,16,1322.9,1.63,0
5050,rlu_defer,1,32,3030.6,1.87,0
5050,rlu_defer,1,64,5666.1,1.75,0
5050,rlu_defer,1,96,8288.9,1.71,0
5050,rlu_defer,1,128,10659.1,1.64,0
5050,rlu_defer,1,160,12173.6,1.50,0
5050,rlu_defer,1,192,13827.3,1.42,0
read,rlu_defer,2,1,475.8,0,0
read,rlu_defer,2,2,933.9,0,0
read,rlu_defer,2,4,1858.5,0,0
read,rlu_defer,2,8,2802.6,0,0
read,rlu_defer,2,16,6218.9,0,0
read,rlu_defer,2,32,11904.6,0,0
read,rlu_defer,2,64,24746.4,0,0
read,rlu_defer,2,96,33354.8,0,0
read,rlu_defer,2,128,44375.1,0,0
read,rlu_defer,2,160,54706.3,0,0
read,rlu_defer,2,191,63187.1,0,0
write,rlu_defer,2,1,0,19.50,0
write,rlu_defer,2,2,0,29.58,0
write,rlu_defer,2,4,0,45.70,0
write,rlu_defer,2,8,0,50.96,0
write,rlu_defer,2,16,0,20.43,0
write,rlu_defer,2,32,0,14.90,0
write,rlu_defer,2,64,0,12.59,0
write,rlu_defer,2,96,0,10.47,0
write,rlu_defer,2,128,0,8.25,0
write,rlu_defer,2,160,0,6.86,0
write,rlu_defer,2,191,0,5.99,0
write,rlu_defer,2,192,0,5.99,0
5050,rlu_defer,2,2,499.4,2.47,0
5050,rlu_defer,2,4,875.0,4.29,0
5050,rlu_defer,2,8,1673.7,4.12,0
5050,rlu_defer,2,16,1315.0,1.63,0
5050,rlu_defer,2,32,2970.4,1.84,0
5050,rlu_defer,2,64,5608.9,1.73,0
5050,rlu_defer,2,96,8217.2,1.69,0
5050,rlu_defer,2,128,10575.4,1.63,0
5050,rlu_defer,2,160,12470.9,1.54,0
5050,rlu_defer,2,192,13527.2,1.39,0
read,rlu_sync,1,1,486.1,0,0
read,rlu_sync,1,2,960.0,0,0
read,rlu_sync,1,4,1965.6,0,0
read,rlu_sync,1,8,3799.3,0,0
read,rlu_sync,1,16,7686.8,0,0
read,rlu_sync,1,32,15568.1,0,0
read,rlu_sync,1,64,29617.4,0,0
read,rlu_sync,1,96,38673.9,0,0
read,rlu_sync,1,128,53066.8,0,0
read,rlu_sync,1,160,68502.4,0,0
read,rlu_sync,1,191,77454.9,0,0
write,rlu_sync,1,1,0,17.31,0
write,rlu_sync,1,2,0,8.14,0
write,rlu_sync,1,4,0,9.78,0
write,rlu_sync,1,8,0,10.85,0
write,rlu_sync,1,16,0,6.93,0
write,rlu_sync,1,32,0,7.48,0
write,rlu_sync,1,64,0,8.47,0
write,rlu_sync,1,96,0,8.69,0
write,rlu_sync,1,128,0,8.49,0
write,rlu_sync,1,160,0,8.49,0
write,rlu_sync,1,191,0,8.44,0
write,rlu_sync,1,192,0,8.43,0
5050,rlu_sync,1,2,505.7,0.03,0
5050,rlu_sync,1,4,977.9,0.05,0
5050,rlu_sync,1,8,1938.0,0.09,0
5050,rlu_sync,1,16,3581.3,0.18,0
5050,rlu_sync,1,32,6163.7,0.30,0
5050,rlu_sync,1,64,10412.9,0.51,0
5050,rlu_sync,1,96,13304.0,0.65,0
5050,rlu_sync,1,128,14368.1,0.71,0
5050,rlu_sync,1,160,16509.3,0.79,0
5050,rlu_sync,1,192,17153.3,0.80,0
read,rlu_sync,2,1,475.9,0,0
read,rlu_sync,2,2,959.4,0,0
read,rlu_sync,2,4,1915.4,0,0
read,rlu_sync,2,8,3828.8,0,0
read,rlu_sync,2,16,7720.8,0,0
read,rlu_sync,2,32,15175.5,0,0
read,rlu_sync,2,64,29684.2,0,0
read,rlu_sync,2,96,39362.3,0,0
read,rlu_sync,2,128,53151.7,0,0
read,rlu_sync,2,160,68816.7,0,0
read,rlu_sync,2,191,77289.4,0,0
write,rlu_sync,2,1,0,17.42,0
write,rlu_sync,2,2,0,8.06,0
write,rlu_sync,2,4,0,9.78,0
write,rlu_sync,2,8,0,10.68,0
write,rlu_sync,2,16,0,7.08,0
write,rlu_sync,2,32,0,7.87,0
write,rlu_sync,2,64,0,9.27,0
write,rlu_sync,2,96,0,9.71,0
write,rlu_sync,2,128,0,8.55,0
write,rlu_sync,2,160,0,8.33,0
write,rlu_sync,2,191,0,8.29,0
write,rlu_sync,2,192,0,8.29,0
5050,rlu_sync,2,2,515.5,0.03,0
5050,rlu_sync,2,4,956.8,0.05,0
5050,rlu_sync,2,8,1963.7,0.09,0
5050,rlu_sync,2,16,3426.4,0.17,0
5050,rlu_sync,2,32,6230.3,0.31,0
5050,rlu_sync,2,64,10284.5,0.50,0
5050,rlu_sync,2,96,12962.1,0.64,0
5050,rlu_sync,2,128,14583.0,0.72,0
5050,rlu_sync,2,160,15726.4,0.76,0
5050,rlu_sync,2,192,17129.0,0.85,0
