panel,alloc,engine,run,cores,nreaders,nobjects,keys_per_table,nbuckets,width,mmoves_s,ns_per_keymove,mqueries_s
grow,jemalloc,existence,1,1,0,5,5,4096,15,10.6494,93.902,0
grow,jemalloc,existence,2,1,0,5,5,4096,15,10.4776,95.4416,0
grow,jemalloc,existence,3,1,0,5,5,4096,15,10.8395,92.255,0
grow,jemalloc,existence,4,1,0,5,5,4096,15,10.6076,94.272,0
grow,jemalloc,existence,5,1,0,5,5,4096,15,10.6698,93.7229,0
grow,jemalloc,txn,1,1,0,5,5,4096,15,10.5057,95.1868,0
grow,jemalloc,txn,2,1,0,5,5,4096,15,10.6409,93.9773,0
grow,jemalloc,txn,3,1,0,5,5,4096,15,10.3349,96.7594,0
grow,jemalloc,txn,4,1,0,5,5,4096,15,10.0863,99.1445,0
grow,jemalloc,txn,5,1,0,5,5,4096,15,10.6555,93.8486,0
grow,jemalloc,existence,1,2,0,5,10,4096,15,18.2605,109.526,0
grow,jemalloc,existence,2,2,0,5,10,4096,15,17.3796,115.077,0
grow,jemalloc,existence,3,2,0,5,10,4096,15,17.2497,115.944,0
grow,jemalloc,existence,4,2,0,5,10,4096,15,17.3821,115.061,0
grow,jemalloc,existence,5,2,0,5,10,4096,15,16.4431,121.632,0
grow,jemalloc,txn,1,2,0,5,10,4096,15,20.6934,96.6494,0
grow,jemalloc,txn,2,2,0,5,10,4096,15,20.6538,96.8347,0
grow,jemalloc,txn,3,2,0,5,10,4096,15,20.6286,96.9527,0
grow,jemalloc,txn,4,2,0,5,10,4096,15,20.7911,96.195,0
grow,jemalloc,txn,5,2,0,5,10,4096,15,20.9651,95.3964,0
grow,jemalloc,existence,1,4,0,5,20,4096,15,31.8869,125.443,0
grow,jemalloc,existence,2,4,0,5,20,4096,15,34.0816,117.365,0
grow,jemalloc,existence,3,4,0,5,20,4096,15,32.5134,123.026,0
grow,jemalloc,existence,4,4,0,5,20,4096,15,34.7667,115.053,0
grow,jemalloc,existence,5,4,0,5,20,4096,15,33.8271,118.248,0
grow,jemalloc,txn,1,4,0,5,20,4096,15,35.5714,112.45,0
grow,jemalloc,txn,2,4,0,5,20,4096,15,36.8075,108.674,0
grow,jemalloc,txn,3,4,0,5,20,4096,15,36.3409,110.069,0
grow,jemalloc,txn,4,4,0,5,20,4096,15,36.6499,109.141,0
grow,jemalloc,txn,5,4,0,5,20,4096,15,36.1998,110.498,0
grow,jemalloc,existence,1,8,0,5,40,4096,15,63.7702,125.45,0
grow,jemalloc,existence,2,8,0,5,40,4096,15,65.0633,122.957,0
grow,jemalloc,existence,3,8,0,5,40,4096,15,64.5821,123.873,0
grow,jemalloc,existence,4,8,0,5,40,4096,15,65.0549,122.973,0
grow,jemalloc,existence,5,8,0,5,40,4096,15,63.3606,126.261,0
grow,jemalloc,txn,1,8,0,5,40,4096,15,71.2419,112.293,0
grow,jemalloc,txn,2,8,0,5,40,4096,15,72.8791,109.771,0
grow,jemalloc,txn,3,8,0,5,40,4096,15,71.4505,111.966,0
grow,jemalloc,txn,4,8,0,5,40,4096,15,73.0601,109.499,0
grow,jemalloc,txn,5,8,0,5,40,4096,15,71.3661,112.098,0
grow,jemalloc,existence,1,16,0,5,80,4096,15,116.396,137.462,0
grow,jemalloc,existence,2,16,0,5,80,4096,15,119.51,133.88,0
grow,jemalloc,existence,3,16,0,5,80,4096,15,113.931,140.436,0
grow,jemalloc,existence,4,16,0,5,80,4096,15,119.375,134.032,0
grow,jemalloc,existence,5,16,0,5,80,4096,15,116.404,137.452,0
grow,jemalloc,txn,1,16,0,5,80,4096,15,140.997,113.478,0
grow,jemalloc,txn,2,16,0,5,80,4096,15,137.189,116.628,0
grow,jemalloc,txn,3,16,0,5,80,4096,15,142.289,112.447,0
grow,jemalloc,txn,4,16,0,5,80,4096,15,141.978,112.693,0
grow,jemalloc,txn,5,16,0,5,80,4096,15,140.51,113.871,0
grow,jemalloc,existence,1,32,0,5,160,4096,15,216.414,147.864,0
grow,jemalloc,existence,2,32,0,5,160,4096,15,213.137,150.138,0
grow,jemalloc,existence,3,32,0,5,160,4096,15,214.299,149.324,0
grow,jemalloc,existence,4,32,0,5,160,4096,15,215.006,148.833,0
grow,jemalloc,existence,5,32,0,5,160,4096,15,195.093,164.024,0
grow,jemalloc,txn,1,32,0,5,160,4096,15,264.083,121.174,0
grow,jemalloc,txn,2,32,0,5,160,4096,15,265.22,120.655,0
grow,jemalloc,txn,3,32,0,5,160,4096,15,270.508,118.296,0
grow,jemalloc,txn,4,32,0,5,160,4096,15,263.392,121.492,0
grow,jemalloc,txn,5,32,0,5,160,4096,15,260.346,122.913,0
grow,jemalloc,existence,1,64,0,5,320,4096,15,350.881,182.398,0
grow,jemalloc,existence,2,64,0,5,320,4096,15,349.645,183.043,0
grow,jemalloc,existence,3,64,0,5,320,4096,15,353.037,181.284,0
grow,jemalloc,existence,4,64,0,5,320,4096,15,352.928,181.34,0
grow,jemalloc,existence,5,64,0,5,320,4096,15,352.768,181.422,0
grow,jemalloc,txn,1,64,0,5,320,4096,15,410.738,155.817,0
grow,jemalloc,txn,2,64,0,5,320,4096,15,417.142,153.425,0
grow,jemalloc,txn,3,64,0,5,320,4096,15,412.072,155.313,0
grow,jemalloc,txn,4,64,0,5,320,4096,15,403.926,158.445,0
grow,jemalloc,txn,5,64,0,5,320,4096,15,413.242,154.873,0
grow,jemalloc,existence,1,96,0,5,480,4096,15,402.182,238.698,0
grow,jemalloc,existence,2,96,0,5,480,4096,15,422.924,226.991,0
grow,jemalloc,existence,3,96,0,5,480,4096,15,417.198,230.107,0
grow,jemalloc,existence,4,96,0,5,480,4096,15,419.883,228.635,0
grow,jemalloc,existence,5,96,0,5,480,4096,15,423.492,226.687,0
grow,jemalloc,txn,1,96,0,5,480,4096,15,467.639,205.286,0
grow,jemalloc,txn,2,96,0,5,480,4096,15,461.652,207.949,0
grow,jemalloc,txn,3,96,0,5,480,4096,15,468.551,204.887,0
grow,jemalloc,txn,4,96,0,5,480,4096,15,470.82,203.9,0
grow,jemalloc,txn,5,96,0,5,480,4096,15,459.696,208.834,0
grow,jemalloc,existence,1,192,0,5,960,4096,15,598.659,320.717,0
grow,jemalloc,existence,2,192,0,5,960,4096,15,594.632,322.889,0
grow,jemalloc,existence,3,192,0,5,960,4096,15,586.127,327.574,0
grow,jemalloc,existence,4,192,0,5,960,4096,15,577.205,332.638,0
grow,jemalloc,existence,5,192,0,5,960,4096,15,588.382,326.319,0
grow,jemalloc,txn,1,192,0,5,960,4096,15,553.618,346.809,0
grow,jemalloc,txn,2,192,0,5,960,4096,15,597.332,321.429,0
grow,jemalloc,txn,3,192,0,5,960,4096,15,580.512,330.743,0
grow,jemalloc,txn,4,192,0,5,960,4096,15,578.442,331.926,0
grow,jemalloc,txn,5,192,0,5,960,4096,15,559.658,343.066,0
fixed,jemalloc,existence,1,1,0,960,960,4096,3,8.55602,116.877,0
fixed,jemalloc,existence,2,1,0,960,960,4096,3,8.50444,117.586,0
fixed,jemalloc,existence,3,1,0,960,960,4096,3,9.14287,109.375,0
fixed,jemalloc,existence,4,1,0,960,960,4096,3,8.33455,119.982,0
fixed,jemalloc,existence,5,1,0,960,960,4096,3,8.46697,118.106,0
fixed,jemalloc,txn,1,1,0,960,960,4096,3,8.64304,115.7,0
fixed,jemalloc,txn,2,1,0,960,960,4096,3,8.76047,114.149,0
fixed,jemalloc,txn,3,1,0,960,960,4096,3,9.05147,110.479,0
fixed,jemalloc,txn,4,1,0,960,960,4096,3,8.94446,111.801,0
fixed,jemalloc,txn,5,1,0,960,960,4096,3,8.47553,117.987,0
fixed,glibc,existence,1,1,0,960,960,4096,3,5.77409,173.188,0
fixed,glibc,existence,2,1,0,960,960,4096,3,5.95582,167.903,0
fixed,glibc,existence,3,1,0,960,960,4096,3,5.84486,171.091,0
fixed,glibc,existence,4,1,0,960,960,4096,3,5.77422,173.183,0
fixed,glibc,existence,5,1,0,960,960,4096,3,6.21757,160.835,0
fixed,glibc,txn,1,1,0,960,960,4096,3,9.92635,100.742,0
fixed,glibc,txn,2,1,0,960,960,4096,3,10.2451,97.608,0
fixed,glibc,txn,3,1,0,960,960,4096,3,10.1988,98.0505,0
fixed,glibc,txn,4,1,0,960,960,4096,3,10.078,99.2256,0
fixed,glibc,txn,5,1,0,960,960,4096,3,10.1531,98.4917,0
fixed,jemalloc,existence,1,2,0,480,960,4096,3,16.3427,122.379,0
fixed,jemalloc,existence,2,2,0,480,960,4096,3,14.9567,133.719,0
fixed,jemalloc,existence,3,2,0,480,960,4096,3,15.6349,127.919,0
fixed,jemalloc,existence,4,2,0,480,960,4096,3,14.1518,141.325,0
fixed,jemalloc,existence,5,2,0,480,960,4096,3,14.2596,140.256,0
fixed,jemalloc,txn,1,2,0,480,960,4096,3,17.787,112.442,0
fixed,jemalloc,txn,2,2,0,480,960,4096,3,17.4555,114.577,0
fixed,jemalloc,txn,3,2,0,480,960,4096,3,17.5752,113.797,0
fixed,jemalloc,txn,4,2,0,480,960,4096,3,17.6629,113.232,0
fixed,jemalloc,txn,5,2,0,480,960,4096,3,17.8168,112.254,0
fixed,glibc,existence,1,2,0,480,960,4096,3,10.8799,183.824,0
fixed,glibc,existence,2,2,0,480,960,4096,3,10.8303,184.666,0
fixed,glibc,existence,3,2,0,480,960,4096,3,10.0852,198.31,0
fixed,glibc,existence,4,2,0,480,960,4096,3,10.7561,185.941,0
fixed,glibc,existence,5,2,0,480,960,4096,3,10.8218,184.812,0
fixed,glibc,txn,1,2,0,480,960,4096,3,19.6397,101.835,0
fixed,glibc,txn,2,2,0,480,960,4096,3,19.5548,102.277,0
fixed,glibc,txn,3,2,0,480,960,4096,3,19.8681,100.664,0
fixed,glibc,txn,4,2,0,480,960,4096,3,19.8454,100.779,0
fixed,glibc,txn,5,2,0,480,960,4096,3,20.0391,99.8049,0
fixed,jemalloc,existence,1,4,0,240,960,4096,3,30.3796,131.667,0
fixed,jemalloc,existence,2,4,0,240,960,4096,3,32.6905,122.36,0
fixed,jemalloc,existence,3,4,0,240,960,4096,3,32.3277,123.733,0
fixed,jemalloc,existence,4,4,0,240,960,4096,3,30.9125,129.398,0
fixed,jemalloc,existence,5,4,0,240,960,4096,3,29.2929,136.552,0
fixed,jemalloc,txn,1,4,0,240,960,4096,3,32.2784,123.922,0
fixed,jemalloc,txn,2,4,0,240,960,4096,3,32.017,124.933,0
fixed,jemalloc,txn,3,4,0,240,960,4096,3,32.7161,122.264,0
fixed,jemalloc,txn,4,4,0,240,960,4096,3,32.0842,124.672,0
fixed,jemalloc,txn,5,4,0,240,960,4096,3,32.5639,122.835,0
fixed,glibc,existence,1,4,0,240,960,4096,3,20.1346,198.663,0
fixed,glibc,existence,2,4,0,240,960,4096,3,19.6525,203.537,0
fixed,glibc,existence,3,4,0,240,960,4096,3,20.2767,197.271,0
fixed,glibc,existence,4,4,0,240,960,4096,3,20.1461,198.55,0
fixed,glibc,existence,5,4,0,240,960,4096,3,19.7382,202.653,0
fixed,glibc,txn,1,4,0,240,960,4096,3,35.5991,112.362,0
fixed,glibc,txn,2,4,0,240,960,4096,3,35.7159,111.995,0
fixed,glibc,txn,3,4,0,240,960,4096,3,35.8442,111.594,0
fixed,glibc,txn,4,4,0,240,960,4096,3,35.4305,112.897,0
fixed,glibc,txn,5,4,0,240,960,4096,3,36.1024,110.796,0
fixed,jemalloc,existence,1,8,0,120,960,4096,3,57.0339,140.267,0
fixed,jemalloc,existence,2,8,0,120,960,4096,3,58.6653,136.367,0
fixed,jemalloc,existence,3,8,0,120,960,4096,3,57.4873,139.161,0
fixed,jemalloc,existence,4,8,0,120,960,4096,3,59.5375,134.369,0
fixed,jemalloc,existence,5,8,0,120,960,4096,3,58.2566,137.324,0
fixed,jemalloc,txn,1,8,0,120,960,4096,3,60.9082,131.345,0
fixed,jemalloc,txn,2,8,0,120,960,4096,3,62.2538,128.506,0
fixed,jemalloc,txn,3,8,0,120,960,4096,3,60.789,131.603,0
fixed,jemalloc,txn,4,8,0,120,960,4096,3,61.9893,129.055,0
fixed,jemalloc,txn,5,8,0,120,960,4096,3,61.7039,129.651,0
fixed,glibc,existence,1,8,0,120,960,4096,3,36.4595,219.421,0
fixed,glibc,existence,2,8,0,120,960,4096,3,37.3287,214.312,0
fixed,glibc,existence,3,8,0,120,960,4096,3,36.7153,217.893,0
fixed,glibc,existence,4,8,0,120,960,4096,3,36.4832,219.279,0
fixed,glibc,existence,5,8,0,120,960,4096,3,36.8123,217.318,0
fixed,glibc,txn,1,8,0,120,960,4096,3,62.4252,128.153,0
fixed,glibc,txn,2,8,0,120,960,4096,3,62.3696,128.268,0
fixed,glibc,txn,3,8,0,120,960,4096,3,61.9507,129.135,0
fixed,glibc,txn,4,8,0,120,960,4096,3,62.2254,128.565,0
fixed,glibc,txn,5,8,0,120,960,4096,3,62.157,128.706,0
fixed,jemalloc,existence,1,16,0,60,960,4096,3,115.709,138.278,0
fixed,jemalloc,existence,2,16,0,60,960,4096,3,111.634,143.325,0
fixed,jemalloc,existence,3,16,0,60,960,4096,3,112.052,142.791,0
fixed,jemalloc,existence,4,16,0,60,960,4096,3,116.013,137.916,0
fixed,jemalloc,existence,5,16,0,60,960,4096,3,116.847,136.931,0
fixed,jemalloc,txn,1,16,0,60,960,4096,3,119.514,133.875,0
fixed,jemalloc,txn,2,16,0,60,960,4096,3,114.722,139.468,0
fixed,jemalloc,txn,3,16,0,60,960,4096,3,117.372,136.318,0
fixed,jemalloc,txn,4,16,0,60,960,4096,3,115.861,138.096,0
fixed,jemalloc,txn,5,16,0,60,960,4096,3,115.434,138.607,0
fixed,glibc,existence,1,16,0,60,960,4096,3,56.6097,282.637,0
fixed,glibc,existence,2,16,0,60,960,4096,3,57.8894,276.389,0
fixed,glibc,existence,3,16,0,60,960,4096,3,60.5926,264.059,0
fixed,glibc,existence,4,16,0,60,960,4096,3,58.3116,274.388,0
fixed,glibc,existence,5,16,0,60,960,4096,3,60.0455,266.465,0
fixed,glibc,txn,1,16,0,60,960,4096,3,121.377,131.821,0
fixed,glibc,txn,2,16,0,60,960,4096,3,122.69,130.409,0
fixed,glibc,txn,3,16,0,60,960,4096,3,121.612,131.566,0
fixed,glibc,txn,4,16,0,60,960,4096,3,122.222,130.91,0
fixed,glibc,txn,5,16,0,60,960,4096,3,114.167,140.146,0
fixed,jemalloc,existence,1,32,0,30,960,4096,3,212.075,150.89,0
fixed,jemalloc,existence,2,32,0,30,960,4096,3,217.486,147.136,0
fixed,jemalloc,existence,3,32,0,30,960,4096,3,218.345,146.557,0
fixed,jemalloc,existence,4,32,0,30,960,4096,3,219.595,145.723,0
fixed,jemalloc,existence,5,32,0,30,960,4096,3,219.229,145.966,0
fixed,jemalloc,txn,1,32,0,30,960,4096,3,228.597,139.985,0
fixed,jemalloc,txn,2,32,0,30,960,4096,3,221.761,144.3,0
fixed,jemalloc,txn,3,32,0,30,960,4096,3,221.325,144.583,0
fixed,jemalloc,txn,4,32,0,30,960,4096,3,222.359,143.912,0
fixed,jemalloc,txn,5,32,0,30,960,4096,3,225.049,142.191,0
fixed,glibc,existence,1,32,0,30,960,4096,3,77.8918,410.826,0
fixed,glibc,existence,2,32,0,30,960,4096,3,77.6834,411.928,0
fixed,glibc,existence,3,32,0,30,960,4096,3,90.5902,353.239,0
fixed,glibc,existence,4,32,0,30,960,4096,3,88.3332,362.264,0
fixed,glibc,existence,5,32,0,30,960,4096,3,90.0983,355.168,0
fixed,glibc,txn,1,32,0,30,960,4096,3,211.152,151.549,0
fixed,glibc,txn,2,32,0,30,960,4096,3,212.224,150.784,0
fixed,glibc,txn,3,32,0,30,960,4096,3,207.582,154.156,0
fixed,glibc,txn,4,32,0,30,960,4096,3,210.831,151.78,0
fixed,glibc,txn,5,32,0,30,960,4096,3,212.809,150.37,0
fixed,jemalloc,existence,1,64,0,15,960,4096,3,321.007,199.372,0
fixed,jemalloc,existence,2,64,0,15,960,4096,3,320.066,199.959,0
fixed,jemalloc,existence,3,64,0,15,960,4096,3,321.298,199.192,0
fixed,jemalloc,existence,4,64,0,15,960,4096,3,319.605,200.247,0
fixed,jemalloc,existence,5,64,0,15,960,4096,3,320.72,199.551,0
fixed,jemalloc,txn,1,64,0,15,960,4096,3,343.674,186.223,0
fixed,jemalloc,txn,2,64,0,15,960,4096,3,350.917,182.379,0
fixed,jemalloc,txn,3,64,0,15,960,4096,3,348.25,183.776,0
fixed,jemalloc,txn,4,64,0,15,960,4096,3,353.738,180.925,0
fixed,jemalloc,txn,5,64,0,15,960,4096,3,352.021,181.807,0
fixed,glibc,existence,1,64,0,15,960,4096,3,116.454,549.573,0
fixed,glibc,existence,2,64,0,15,960,4096,3,116.281,550.392,0
fixed,glibc,existence,3,64,0,15,960,4096,3,119.778,534.322,0
fixed,glibc,existence,4,64,0,15,960,4096,3,114.018,561.317,0
fixed,glibc,existence,5,64,0,15,960,4096,3,120.635,530.524,0
fixed,glibc,txn,1,64,0,15,960,4096,3,264.648,241.831,0
fixed,glibc,txn,2,64,0,15,960,4096,3,265.836,240.75,0
fixed,glibc,txn,3,64,0,15,960,4096,3,250.888,255.094,0
fixed,glibc,txn,4,64,0,15,960,4096,3,260.5,245.682,0
fixed,glibc,txn,5,64,0,15,960,4096,3,261.636,244.614,0
fixed,jemalloc,existence,1,96,0,10,960,4096,3,349.987,274.296,0
fixed,jemalloc,existence,2,96,0,10,960,4096,3,347.345,276.382,0
fixed,jemalloc,existence,3,96,0,10,960,4096,3,351.808,272.876,0
fixed,jemalloc,existence,4,96,0,10,960,4096,3,348.091,275.79,0
fixed,jemalloc,existence,5,96,0,10,960,4096,3,350.707,273.733,0
fixed,jemalloc,txn,1,96,0,10,960,4096,3,383.912,250.057,0
fixed,jemalloc,txn,2,96,0,10,960,4096,3,395.475,242.746,0
fixed,jemalloc,txn,3,96,0,10,960,4096,3,389.523,246.455,0
fixed,jemalloc,txn,4,96,0,10,960,4096,3,389.957,246.181,0
fixed,jemalloc,txn,5,96,0,10,960,4096,3,386.709,248.249,0
fixed,glibc,existence,1,96,0,10,960,4096,3,130.726,734.359,0
fixed,glibc,existence,2,96,0,10,960,4096,3,128.536,746.872,0
fixed,glibc,existence,3,96,0,10,960,4096,3,135.027,710.97,0
fixed,glibc,existence,4,96,0,10,960,4096,3,129.442,741.647,0
fixed,glibc,existence,5,96,0,10,960,4096,3,126.651,757.989,0
fixed,glibc,txn,1,96,0,10,960,4096,3,232.781,412.404,0
fixed,glibc,txn,2,96,0,10,960,4096,3,232.519,412.869,0
fixed,glibc,txn,3,96,0,10,960,4096,3,241.945,396.784,0
fixed,glibc,txn,4,96,0,10,960,4096,3,241.769,397.073,0
fixed,glibc,txn,5,96,0,10,960,4096,3,240.591,399.017,0
fixed,jemalloc,existence,1,192,0,5,960,4096,3,545.376,352.051,0
fixed,jemalloc,existence,2,192,0,5,960,4096,3,545.498,351.972,0
fixed,jemalloc,existence,3,192,0,5,960,4096,3,544.095,352.879,0
fixed,jemalloc,existence,4,192,0,5,960,4096,3,547.673,350.574,0
fixed,jemalloc,existence,5,192,0,5,960,4096,3,542.778,353.736,0
fixed,jemalloc,txn,1,192,0,5,960,4096,3,530.717,361.775,0
fixed,jemalloc,txn,2,192,0,5,960,4096,3,537.151,357.441,0
fixed,jemalloc,txn,3,192,0,5,960,4096,3,520.622,368.79,0
fixed,jemalloc,txn,4,192,0,5,960,4096,3,545.541,351.944,0
fixed,jemalloc,txn,5,192,0,5,960,4096,3,536.53,357.855,0
fixed,glibc,existence,1,192,0,5,960,4096,3,95.6226,2007.89,0
fixed,glibc,existence,2,192,0,5,960,4096,3,102.312,1876.61,0
fixed,glibc,existence,3,192,0,5,960,4096,3,100.651,1907.58,0
fixed,glibc,existence,4,192,0,5,960,4096,3,97.9658,1959.87,0
fixed,glibc,existence,5,192,0,5,960,4096,3,103.073,1862.75,0
fixed,glibc,txn,1,192,0,5,960,4096,3,177.219,1083.41,0
fixed,glibc,txn,2,192,0,5,960,4096,3,194.111,989.125,0
fixed,glibc,txn,3,192,0,5,960,4096,3,170.51,1126.04,0
fixed,glibc,txn,4,192,0,5,960,4096,3,190.886,1005.84,0
fixed,glibc,txn,5,192,0,5,960,4096,3,186.062,1031.91,0
size,jemalloc,existence,1,192,0,5,960,3840,3,561.916,341.688,0
size,jemalloc,existence,2,192,0,5,960,3840,3,561.71,341.814,0
size,jemalloc,existence,3,192,0,5,960,3840,3,563.861,340.51,0
size,jemalloc,existence,4,192,0,5,960,3840,3,566.296,339.045,0
size,jemalloc,existence,5,192,0,5,960,3840,3,568.977,337.448,0
size,jemalloc,txn,1,192,0,5,960,3840,3,511.914,375.063,0
size,jemalloc,txn,2,192,0,5,960,3840,3,519.736,369.419,0
size,jemalloc,txn,3,192,0,5,960,3840,3,500.837,383.358,0
size,jemalloc,txn,4,192,0,5,960,3840,3,526.497,364.674,0
size,jemalloc,txn,5,192,0,5,960,3840,3,511.554,375.327,0
size,jemalloc,existence,1,192,0,10,1920,7680,3,665.291,288.596,0
size,jemalloc,existence,2,192,0,10,1920,7680,3,659.2,291.262,0
size,jemalloc,existence,3,192,0,10,1920,7680,3,662.873,289.648,0
size,jemalloc,existence,4,192,0,10,1920,7680,3,668.247,287.319,0
size,jemalloc,existence,5,192,0,10,1920,7680,3,662.316,289.892,0
size,jemalloc,txn,1,192,0,10,1920,7680,3,621.98,308.692,0
size,jemalloc,txn,2,192,0,10,1920,7680,3,616.784,311.292,0
size,jemalloc,txn,3,192,0,10,1920,7680,3,619.692,309.831,0
size,jemalloc,txn,4,192,0,10,1920,7680,3,609.48,315.023,0
size,jemalloc,txn,5,192,0,10,1920,7680,3,606.75,316.44,0
size,jemalloc,existence,1,192,0,20,3840,15360,3,706.874,271.618,0
size,jemalloc,existence,2,192,0,20,3840,15360,3,703.908,272.763,0
size,jemalloc,existence,3,192,0,20,3840,15360,3,706.261,271.854,0
size,jemalloc,existence,4,192,0,20,3840,15360,3,713.619,269.051,0
size,jemalloc,existence,5,192,0,20,3840,15360,3,711.627,269.804,0
size,jemalloc,txn,1,192,0,20,3840,15360,3,635.385,302.179,0
size,jemalloc,txn,2,192,0,20,3840,15360,3,631.083,304.239,0
size,jemalloc,txn,3,192,0,20,3840,15360,3,639.99,300.005,0
size,jemalloc,txn,4,192,0,20,3840,15360,3,608.544,315.507,0
size,jemalloc,txn,5,192,0,20,3840,15360,3,650.424,295.192,0
size,jemalloc,existence,1,192,0,40,7680,30720,3,726.196,264.391,0
size,jemalloc,existence,2,192,0,40,7680,30720,3,723.024,265.551,0
size,jemalloc,existence,3,192,0,40,7680,30720,3,709.963,270.437,0
size,jemalloc,existence,4,192,0,40,7680,30720,3,713.745,269.004,0
size,jemalloc,existence,5,192,0,40,7680,30720,3,720.87,266.345,0
size,jemalloc,txn,1,192,0,40,7680,30720,3,668.744,287.106,0
size,jemalloc,txn,2,192,0,40,7680,30720,3,655.59,292.866,0
size,jemalloc,txn,3,192,0,40,7680,30720,3,705.233,272.25,0
size,jemalloc,txn,4,192,0,40,7680,30720,3,661.831,290.104,0
size,jemalloc,txn,5,192,0,40,7680,30720,3,685.322,280.16,0
size,jemalloc,existence,1,192,0,80,15360,61440,3,708.731,270.907,0
size,jemalloc,existence,2,192,0,80,15360,61440,3,717.803,267.483,0
size,jemalloc,existence,3,192,0,80,15360,61440,3,712.262,269.564,0
size,jemalloc,existence,4,192,0,80,15360,61440,3,707.639,271.325,0
size,jemalloc,existence,5,192,0,80,15360,61440,3,719.218,266.957,0
size,jemalloc,txn,1,192,0,80,15360,61440,3,711.369,269.902,0
size,jemalloc,txn,2,192,0,80,15360,61440,3,671.155,286.074,0
size,jemalloc,txn,3,192,0,80,15360,61440,3,726.885,264.141,0
size,jemalloc,txn,4,192,0,80,15360,61440,3,716.779,267.865,0
size,jemalloc,txn,5,192,0,80,15360,61440,3,718.44,267.246,0
read,jemalloc,existence,1,1,1,960,960,4096,3,3.36631,297.061,37.5116
read,jemalloc,existence,2,1,1,960,960,4096,3,3.34304,299.129,37.455
read,jemalloc,existence,3,1,1,960,960,4096,3,3.29707,303.3,37.3749
read,jemalloc,existence,4,1,1,960,960,4096,3,3.38326,295.573,37.2178
read,jemalloc,existence,5,1,1,960,960,4096,3,3.41496,292.829,37.3296
read,jemalloc,txn,1,1,1,960,960,4096,3,6.57383,152.118,49.3414
read,jemalloc,txn,2,1,1,960,960,4096,3,6.54778,152.724,49.387
read,jemalloc,txn,3,1,1,960,960,4096,3,6.65185,150.334,49.3584
read,jemalloc,txn,4,1,1,960,960,4096,3,6.6802,149.696,49.3917
read,jemalloc,txn,5,1,1,960,960,4096,3,6.54209,152.856,49.3733
read,jemalloc,existence,1,1,2,960,960,4096,3,2.7187,367.823,75.982
read,jemalloc,existence,2,1,2,960,960,4096,3,2.76194,362.065,75.8783
read,jemalloc,existence,3,1,2,960,960,4096,3,2.72737,366.654,75.948
read,jemalloc,existence,4,1,2,960,960,4096,3,2.74748,363.97,75.6369
read,jemalloc,existence,5,1,2,960,960,4096,3,2.73416,365.743,75.9582
read,jemalloc,txn,1,1,2,960,960,4096,3,6.42666,155.602,98.799
read,jemalloc,txn,2,1,2,960,960,4096,3,6.36097,157.209,98.8324
read,jemalloc,txn,3,1,2,960,960,4096,3,6.43286,155.452,98.7419
read,jemalloc,txn,4,1,2,960,960,4096,3,6.32349,158.14,98.8218
read,jemalloc,txn,5,1,2,960,960,4096,3,5.88621,169.889,98.9123
read,jemalloc,existence,1,1,4,960,960,4096,3,2.54892,392.322,154.051
read,jemalloc,existence,2,1,4,960,960,4096,3,2.57196,388.809,153.572
read,jemalloc,existence,3,1,4,960,960,4096,3,2.57773,387.939,153.914
read,jemalloc,existence,4,1,4,960,960,4096,3,2.56043,390.559,153.272
read,jemalloc,existence,5,1,4,960,960,4096,3,2.58632,386.65,153.372
read,jemalloc,txn,1,1,4,960,960,4096,3,6.21132,160.996,197.954
read,jemalloc,txn,2,1,4,960,960,4096,3,6.22906,160.538,197.958
read,jemalloc,txn,3,1,4,960,960,4096,3,6.15679,162.422,197.832
read,jemalloc,txn,4,1,4,960,960,4096,3,6.15944,162.352,197.701
read,jemalloc,txn,5,1,4,960,960,4096,3,6.03871,165.598,197.64
read,jemalloc,existence,1,1,8,960,960,4096,3,0.624348,1601.67,310.539
read,jemalloc,existence,2,1,8,960,960,4096,3,0.768156,1301.82,308.271
read,jemalloc,existence,3,1,8,960,960,4096,3,0.756645,1321.62,306.025
read,jemalloc,existence,4,1,8,960,960,4096,3,0.77103,1296.97,308.58
read,jemalloc,existence,5,1,8,960,960,4096,3,0.765278,1306.71,308.941
read,jemalloc,txn,1,1,8,960,960,4096,3,3.03235,329.778,391.033
read,jemalloc,txn,2,1,8,960,960,4096,3,3.09849,322.738,391.021
read,jemalloc,txn,3,1,8,960,960,4096,3,2.95178,338.778,391.052
read,jemalloc,txn,4,1,8,960,960,4096,3,3.01795,331.351,390.888
read,jemalloc,txn,5,1,8,960,960,4096,3,3.04098,328.841,391.348
read,jemalloc,existence,1,1,16,960,960,4096,3,0.693381,1442.21,619.758
read,jemalloc,existence,2,1,16,960,960,4096,3,0.690482,1448.26,623.225
read,jemalloc,existence,3,1,16,960,960,4096,3,0.699116,1430.38,618.497
read,jemalloc,existence,4,1,16,960,960,4096,3,0.696247,1436.27,615.734
read,jemalloc,existence,5,1,16,960,960,4096,3,0.699119,1430.37,617.257
read,jemalloc,txn,1,1,16,960,960,4096,3,2.01678,495.839,777.478
read,jemalloc,txn,2,1,16,960,960,4096,3,2.00534,498.669,777.659
read,jemalloc,txn,3,1,16,960,960,4096,3,2.01677,495.841,776.637
read,jemalloc,txn,4,1,16,960,960,4096,3,2.01389,496.551,777.214
read,jemalloc,txn,5,1,16,960,960,4096,3,2.00238,499.406,777.76
read,jemalloc,existence,1,1,32,960,960,4096,3,0.607046,1647.32,1236.98
read,jemalloc,existence,2,1,32,960,960,4096,3,0.60705,1647.31,1232.79
read,jemalloc,existence,3,1,32,960,960,4096,3,0.621452,1609.13,1250.42
read,jemalloc,existence,4,1,32,960,960,4096,3,0.604209,1655.06,1255.22
read,jemalloc,existence,5,1,32,960,960,4096,3,0.621428,1609.2,1243.37
read,jemalloc,txn,1,1,32,960,960,4096,3,1.49614,668.386,1541.41
read,jemalloc,txn,2,1,32,960,960,4096,3,1.47888,676.188,1541.1
read,jemalloc,txn,3,1,32,960,960,4096,3,1.48458,673.593,1540.86
read,jemalloc,txn,4,1,32,960,960,4096,3,1.49028,671.015,1541.64
read,jemalloc,txn,5,1,32,960,960,4096,3,1.48749,672.272,1540.25
read,jemalloc,existence,1,1,64,960,960,4096,3,0.457451,2186.03,2475.34
read,jemalloc,existence,2,1,64,960,960,4096,3,0.451749,2213.62,2469.88
read,jemalloc,existence,3,1,64,960,960,4096,3,0.45745,2186.03,2471.92
read,jemalloc,existence,4,1,64,960,960,4096,3,0.44309,2256.88,2464.3
read,jemalloc,existence,5,1,64,960,960,4096,3,0.437339,2286.56,2466.84
read,jemalloc,txn,1,1,64,960,960,4096,3,1.03951,961.989,3006.3
read,jemalloc,txn,2,1,64,960,960,4096,3,1.03277,968.27,3007.34
read,jemalloc,txn,3,1,64,960,960,4096,3,1.05299,949.681,3004.78
read,jemalloc,txn,4,1,64,960,960,4096,3,0.609918,1639.56,2915.01
read,jemalloc,txn,5,1,64,960,960,4096,3,0.636065,1572.17,2910.99
read,jemalloc,existence,1,1,96,960,960,4096,3,0.293444,3407.81,3260.08
read,jemalloc,existence,2,1,96,960,960,4096,3,0.293449,3407.75,3250.94
read,jemalloc,existence,3,1,96,960,960,4096,3,0.299203,3342.22,3274.24
read,jemalloc,existence,4,1,96,960,960,4096,3,0.287694,3475.91,3263.45
read,jemalloc,existence,5,1,96,960,960,4096,3,0.299204,3342.2,3234.99
read,jemalloc,txn,1,1,96,960,960,4096,3,0.523607,1909.83,3851.05
read,jemalloc,txn,2,1,96,960,960,4096,3,0.540869,1848.88,3842.46
read,jemalloc,txn,3,1,96,960,960,4096,3,0.523604,1909.84,3851.64
read,jemalloc,txn,4,1,96,960,960,4096,3,0.523634,1909.73,3852.35
read,jemalloc,txn,5,1,96,960,960,4096,3,0.750837,1331.85,3944.57
read,jemalloc,existence,1,1,191,960,960,4096,3,0.218652,4573.47,6275.77
read,jemalloc,existence,2,1,191,960,960,4096,3,0.161112,6206.86,6445.75
read,jemalloc,existence,3,1,191,960,960,4096,3,0.218655,4573.41,6318.06
read,jemalloc,existence,4,1,191,960,960,4096,3,0.163991,6097.89,6463.75
read,jemalloc,existence,5,1,191,960,960,4096,3,0.169749,5891.06,6455.77
read,jemalloc,txn,1,1,191,960,960,4096,3,0.287689,3475.98,7709.56
read,jemalloc,txn,2,1,191,960,960,4096,3,0.293449,3407.75,7695.32
read,jemalloc,txn,3,1,191,960,960,4096,3,0.290564,3441.58,7693.47
read,jemalloc,txn,4,1,191,960,960,4096,3,0.296283,3375.15,7684.69
read,jemalloc,txn,5,1,191,960,960,4096,3,0.290575,3441.45,7697.81
