sweep,variant,alloc,run,updaters,movesper,ryw,mmoves_s,ns_per_keymove,commits,aborts
width,big128,jemalloc,1,1,1,1,2.00326,499.186,2005365,0
width,big128,jemalloc,2,1,1,1,2.01996,495.06,2022165,0
width,big128,jemalloc,3,1,1,1,2.02884,492.892,2030970,0
width,big128,jemalloc,1,1,2,1,1.73237,577.245,924928,0
width,big128,jemalloc,2,1,2,1,1.75363,570.246,936288,0
width,big128,jemalloc,3,1,2,1,1.72507,579.686,921040,0
width,big128,jemalloc,1,1,3,1,1.66974,598.895,557180,0
width,big128,jemalloc,2,1,3,1,1.65653,603.67,552780,0
width,big128,jemalloc,3,1,3,1,1.66786,599.569,556560,0
width,big128,jemalloc,1,1,4,1,1.57907,633.285,421540,0
width,big128,jemalloc,2,1,4,1,1.57486,634.978,420416,0
width,big128,jemalloc,3,1,4,1,1.56132,640.484,416804,0
width,big128,jemalloc,1,1,6,1,1.37852,725.413,276003,0
width,big128,jemalloc,2,1,6,1,1.38585,721.577,277473,0
width,big128,jemalloc,3,1,6,1,1.39067,719.078,278436,0
width,big128,jemalloc,1,1,8,1,1.24127,805.624,165682,0
width,big128,jemalloc,2,1,8,1,1.25511,796.743,167530,0
width,big128,jemalloc,3,1,8,1,1.25689,795.615,167766,0
width,big128,jemalloc,1,1,15,1,0.956659,1045.3,63847,0
width,big128,jemalloc,2,1,15,1,0.944733,1058.5,63051,0
width,big128,jemalloc,3,1,15,1,0.959569,1042.13,64039,0
width,big128,jemalloc,1,4,1,1,2.95798,1352.28,2958930,349657
width,big128,jemalloc,2,4,1,1,2.94881,1356.48,2951955,348193
width,big128,jemalloc,3,4,1,1,2.92787,1366.18,2930955,343933
width,big128,jemalloc,1,4,2,1,2.07891,1924.09,1109936,338491
width,big128,jemalloc,2,4,2,1,2.06465,1937.37,1102336,339220
width,big128,jemalloc,3,4,2,1,2.09627,1908.15,1119224,343503
width,big128,jemalloc,1,4,3,1,1.75216,2282.89,584690,289270
width,big128,jemalloc,2,4,3,1,1.7065,2343.97,569445,285017
width,big128,jemalloc,3,4,3,1,1.7264,2316.96,576085,286186
width,big128,jemalloc,1,4,4,1,1.58988,2515.92,424420,258818
width,big128,jemalloc,2,4,4,1,1.54947,2581.53,413632,253834
width,big128,jemalloc,3,4,4,1,1.55866,2566.31,416084,253219
width,big128,jemalloc,1,4,6,1,1.31674,3037.81,263634,192955
width,big128,jemalloc,2,4,6,1,1.34984,2963.32,270258,197010
width,big128,jemalloc,3,4,6,1,1.35771,2946.13,271830,198790
width,big128,jemalloc,1,4,8,1,1.10943,3605.44,148082,147537
width,big128,jemalloc,2,4,8,1,1.12915,3542.5,150716,150892
width,big128,jemalloc,3,4,8,1,1.17225,3412.25,156470,156078
width,big128,jemalloc,1,4,15,1,0.862684,4636.69,57574,70457
width,big128,jemalloc,2,4,15,1,0.842994,4744.99,56260,69209
width,big128,jemalloc,3,4,15,1,0.825899,4843.21,55119,66817
width,big128,jemalloc,1,16,1,1,3.4591,4625.48,3460680,587434
width,big128,jemalloc,2,16,1,1,3.44417,4645.53,3447930,585431
width,big128,jemalloc,3,16,1,1,3.33798,4793.32,3341565,567707
width,big128,jemalloc,1,16,2,1,2.16369,7394.77,1155208,480173
width,big128,jemalloc,2,16,2,1,2.25092,7108.2,1201792,502952
width,big128,jemalloc,3,16,2,1,2.15576,7421.98,1150960,476835
width,big128,jemalloc,1,16,3,1,1.72891,9254.38,576930,376407
width,big128,jemalloc,2,16,3,1,1.73612,9215.95,579330,380117
width,big128,jemalloc,3,16,3,1,1.78359,8970.69,594955,396340
width,big128,jemalloc,1,16,4,1,1.52803,10471,407908,329531
width,big128,jemalloc,2,16,4,1,1.56633,10214.9,418136,340526
width,big128,jemalloc,3,16,4,1,1.5566,10278.8,415544,337965
width,big128,jemalloc,1,16,6,1,1.24811,12819.4,249891,242085
width,big128,jemalloc,2,16,6,1,1.27643,12535,255558,251094
width,big128,jemalloc,3,16,6,1,1.26014,12697,252297,251878
width,big128,jemalloc,1,16,8,1,1.04518,15308.3,139508,191974
width,big128,jemalloc,2,16,8,1,1.05834,15118,141260,189777
width,big128,jemalloc,3,16,8,1,1.04877,15256,139988,191791
width,big128,jemalloc,1,16,15,1,0.724832,22074.1,48375,95311
width,big128,jemalloc,2,16,15,1,0.722114,22157.2,48193,94294
width,big128,jemalloc,3,16,15,1,0.724657,22079.4,48363,93870
width,big128,jemalloc,1,64,1,1,5.81462,11006.7,5820855,1112788
width,big128,jemalloc,2,64,1,1,5.68362,11260.4,5689755,1077391
width,big128,jemalloc,3,64,1,1,5.6691,11289.3,5674935,1074536
width,big128,jemalloc,1,64,2,1,3.54463,18055.5,1892488,917107
width,big128,jemalloc,2,64,2,1,3.56512,17951.7,1903368,914914
width,big128,jemalloc,3,64,2,1,3.53067,18126.9,1885032,899904
width,big128,jemalloc,1,64,3,1,2.81459,22738.7,939210,733515
width,big128,jemalloc,2,64,3,1,2.82572,22649.1,942905,745159
width,big128,jemalloc,3,64,3,1,2.81142,22764.3,938110,733569
width,big128,jemalloc,1,64,4,1,2.47194,25890.6,659916,632980
width,big128,jemalloc,2,64,4,1,2.43747,26256.7,650700,618919
width,big128,jemalloc,3,64,4,1,2.44825,26141.1,653380,622743
width,big128,jemalloc,1,64,6,1,1.97797,32356.4,396024,459332
width,big128,jemalloc,2,64,6,1,1.96833,32514.8,394083,451171
width,big128,jemalloc,3,64,6,1,2.00059,31990.5,400554,468523
width,big128,jemalloc,1,64,8,1,1.66163,38516.3,221782,361162
width,big128,jemalloc,2,64,8,1,1.66779,38374.1,222612,369227
width,big128,jemalloc,3,64,8,1,1.65675,38629.8,221130,365477
width,big128,jemalloc,1,64,15,1,1.07943,59290.7,72039,172302
width,big128,jemalloc,2,64,15,1,1.12574,56851.5,75129,174676
width,big128,jemalloc,3,64,15,1,1.11665,57314.2,74524,169791
ryw,big128,jemalloc,1,1,1,0,2.20485,453.546,2207205,0
ryw,big128,jemalloc,2,1,1,0,2.20195,454.142,2204355,0
ryw,big128,jemalloc,3,1,1,0,2.22486,449.467,2227260,0
ryw,big128,jemalloc,1,1,1,1,2.01019,497.465,2012385,0
ryw,big128,jemalloc,2,1,1,1,2.02684,493.378,2029050,0
ryw,big128,jemalloc,3,1,1,1,2.01154,497.13,2013735,0
ryw,big128,jemalloc,1,2,1,0,2.46123,812.602,2463915,170553
ryw,big128,jemalloc,2,2,1,0,2.44018,819.612,2442810,165992
ryw,big128,jemalloc,3,2,1,0,2.46486,811.406,2467395,170086
ryw,big128,jemalloc,1,2,1,1,2.3092,866.1,2311710,173868
ryw,big128,jemalloc,2,2,1,1,2.30052,869.368,2302965,169984
ryw,big128,jemalloc,3,2,1,1,2.30552,867.484,2307945,171042
ryw,big128,jemalloc,1,4,1,0,3.06104,1306.74,3064305,342773
ryw,big128,jemalloc,2,4,1,0,3.07917,1299.05,3082500,344878
ryw,big128,jemalloc,3,4,1,0,3.05684,1308.54,3060120,339167
ryw,big128,jemalloc,1,4,1,1,2.90336,1377.72,2906445,342618
ryw,big128,jemalloc,2,4,1,1,2.95864,1351.97,2961750,349191
ryw,big128,jemalloc,3,4,1,1,2.94188,1359.67,2945070,348208
ryw,big128,jemalloc,1,8,1,0,4.04751,1976.53,4051905,577718
ryw,big128,jemalloc,2,8,1,0,4.02608,1987.04,4030485,576237
ryw,big128,jemalloc,3,8,1,0,4.05312,1973.79,4057485,577942
ryw,big128,jemalloc,1,8,1,1,3.96119,2019.59,3965415,594789
ryw,big128,jemalloc,2,8,1,1,3.97306,2013.56,3977295,597928
ryw,big128,jemalloc,3,8,1,1,3.9693,2015.47,3973440,597869
ryw,big128,jemalloc,1,16,1,0,3.3649,4754.96,3368505,552895
ryw,big128,jemalloc,2,16,1,0,3.47851,4599.67,3482115,569891
ryw,big128,jemalloc,3,16,1,0,3.43422,4658.99,3437970,562241
ryw,big128,jemalloc,1,16,1,1,3.36382,4756.5,3367455,567175
ryw,big128,jemalloc,2,16,1,1,3.34055,4789.62,3344190,566285
ryw,big128,jemalloc,3,16,1,1,3.38266,4730.01,3386250,580278
ryw,big128,jemalloc,1,32,1,0,4.16072,7690.98,4165170,739247
ryw,big128,jemalloc,2,32,1,0,4.28542,7467.18,4289910,765721
ryw,big128,jemalloc,3,32,1,0,4.25134,7527.03,4255890,764901
ryw,big128,jemalloc,1,32,1,1,4.25879,7513.87,4261605,778242
ryw,big128,jemalloc,2,32,1,1,4.3006,7440.81,4305300,790933
ryw,big128,jemalloc,3,32,1,1,4.32249,7403.14,4327200,796059
ryw,big128,jemalloc,1,64,1,0,5.65937,11308.7,5664435,1042833
ryw,big128,jemalloc,2,64,1,0,5.46749,11705.5,5473425,1011118
ryw,big128,jemalloc,3,64,1,0,5.50149,11633.2,5507460,1016296
ryw,big128,jemalloc,1,64,1,1,5.69814,11231.7,5704320,1078097
ryw,big128,jemalloc,2,64,1,1,5.52166,11590.7,5527605,1049566
ryw,big128,jemalloc,3,64,1,1,5.70037,11227.3,5706300,1083586
ryw,big128,jemalloc,1,96,1,0,6.47287,14831.1,6479595,1198042
ryw,big128,jemalloc,2,96,1,0,6.44851,14887.2,6455385,1200251
ryw,big128,jemalloc,3,96,1,0,6.39486,15012.1,6395550,1174885
ryw,big128,jemalloc,1,96,1,1,6.42617,14938.9,6428280,1215313
ryw,big128,jemalloc,2,96,1,1,6.4986,14772.4,6505335,1233943
ryw,big128,jemalloc,3,96,1,1,6.44355,14898.6,6450240,1218208
ryw,big128,jemalloc,1,128,1,0,5.70008,22455.8,5701335,1032383
ryw,big128,jemalloc,2,128,1,0,5.87895,21772.6,5885025,1078588
ryw,big128,jemalloc,3,128,1,0,5.83524,21935.7,5841495,1064427
ryw,big128,jemalloc,1,128,1,1,5.90814,21665,5914290,1105991
ryw,big128,jemalloc,2,128,1,1,5.7441,22283.7,5747760,1070386
ryw,big128,jemalloc,3,128,1,1,5.93864,21553.8,5944755,1109241
ryw,big128,jemalloc,1,192,1,0,6.19526,30991.4,6197820,1107763
ryw,big128,jemalloc,2,192,1,0,6.04849,31743.5,6054930,1074280
ryw,big128,jemalloc,3,192,1,0,5.9511,32263,5957355,1055055
ryw,big128,jemalloc,1,192,1,1,5.90884,32493.7,5914965,1063176
ryw,big128,jemalloc,2,192,1,1,6.03487,31815.1,6041130,1092513
ryw,big128,jemalloc,3,192,1,1,6.12148,31365,6127875,1111087
